Date,Open,High,Low,Close,Volume,Dividends,Stock Splits,log_ret
2021-12-02 00:00:00-05:00,4504.72998046875,4595.4599609375,4504.72998046875,4577.10009765625,5077180000,0.0,0.0,0.014094638396057846
2021-12-03 00:00:00-05:00,4589.490234375,4608.02978515625,4495.1201171875,4538.43017578125,5240070000,0.0,0.0,-0.008484455141738678
2021-12-06 00:00:00-05:00,4548.3701171875,4612.60009765625,4540.509765625,4591.669921875,4770800000,0.0,0.0,0.011662599309685717
2021-12-07 00:00:00-05:00,4631.97021484375,4694.0400390625,4631.97021484375,4686.75,4492400000,0.0,0.0,0.02049560318625332
2021-12-08 00:00:00-05:00,4690.85986328125,4705.06005859375,4674.52001953125,4701.2099609375,4234600000,0.0,0.0,0.0030805355865854978
2021-12-09 00:00:00-05:00,4691.0,4695.259765625,4665.97998046875,4667.4501953125,3903840000,0.0,0.0,-0.007206988232523415
2021-12-10 00:00:00-05:00,4687.64013671875,4713.56982421875,4670.240234375,4712.02001953125,3870110000,0.0,0.0,0.009503769118209604
2021-12-13 00:00:00-05:00,4710.2998046875,4710.2998046875,4667.60009765625,4668.97021484375,4397230000,0.0,0.0,-0.009178158342793452
2021-12-14 00:00:00-05:00,4642.990234375,4660.47021484375,4606.52001953125,4634.08984375,4485430000,0.0,0.0,-0.0074987228546241624
2021-12-15 00:00:00-05:00,4636.4599609375,4712.60009765625,4611.22021484375,4709.85009765625,4910130000,0.0,0.0,0.016216267351891744
2021-12-16 00:00:00-05:00,4719.1298828125,4731.990234375,4651.89013671875,4668.669921875,4829500000,0.0,0.0,-0.008781863311112303
2021-12-17 00:00:00-05:00,4652.5,4666.7001953125,4600.22021484375,4620.64013671875,7987090000,0.0,0.0,-0.010340964584054646
2021-12-20 00:00:00-05:00,4587.89990234375,4587.89990234375,4531.10009765625,4568.02001953125,4635700000,0.0,0.0,-0.011453398323256536
2021-12-21 00:00:00-05:00,4594.9599609375,4651.14013671875,4583.16015625,4649.22998046875,4072430000,0.0,0.0,0.01762175538519628
2021-12-22 00:00:00-05:00,4650.35986328125,4697.669921875,4645.52978515625,4696.56005859375,3319610000,0.0,0.0,0.010128728029126677
2021-12-23 00:00:00-05:00,4703.9599609375,4740.740234375,4703.9599609375,4725.7900390625,2913040000,0.0,0.0,0.006204412685251626
2021-12-27 00:00:00-05:00,4733.990234375,4791.490234375,4733.990234375,4791.18994140625,2770290000,0.0,0.0,0.013744051573606697
2021-12-28 00:00:00-05:00,4795.490234375,4807.02001953125,4780.0400390625,4786.35009765625,2707920000,0.0,0.0,-0.0010106653988870562
2021-12-29 00:00:00-05:00,4788.64013671875,4804.06005859375,4778.080078125,4793.06005859375,2963310000,0.0,0.0,0.0014009134018575509
2021-12-30 00:00:00-05:00,4794.22998046875,4808.93017578125,4775.330078125,4778.72998046875,3124950000,0.0,0.0,-0.002994233841905114
2021-12-31 00:00:00-05:00,4775.2099609375,4786.830078125,4765.75,4766.18017578125,2677820000,0.0,0.0,-0.0026296343734735217
2022-01-03 00:00:00-05:00,4778.14013671875,4796.64013671875,4758.169921875,4796.56005859375,3831020000,0.0,0.0,0.006353824170387767
2022-01-04 00:00:00-05:00,4804.509765625,4818.6201171875,4774.27001953125,4793.5400390625,4683170000,0.0,0.0,-0.0006298202522039276
2022-01-05 00:00:00-05:00,4787.990234375,4797.7001953125,4699.43994140625,4700.580078125,4887960000,0.0,0.0,-0.019583264304500858
2022-01-06 00:00:00-05:00,4693.39013671875,4725.009765625,4671.259765625,4696.0498046875,4295280000,0.0,0.0,-0.000964233740180731
2022-01-07 00:00:00-05:00,4697.66015625,4707.9501953125,4662.740234375,4677.02978515625,4181510000,0.0,0.0,-0.004058441082335662
2022-01-10 00:00:00-05:00,4655.33984375,4673.02001953125,4582.240234375,4670.2900390625,4511810000,0.0,0.0,-0.0014420705375393084
2022-01-11 00:00:00-05:00,4669.14013671875,4714.1298828125,4638.27001953125,4713.06982421875,4101590000,0.0,0.0,0.00911828645239865
2022-01-12 00:00:00-05:00,4728.58984375,4748.830078125,4706.7099609375,4726.35009765625,4048220000,0.0,0.0,0.002813792014666916
2022-01-13 00:00:00-05:00,4733.56005859375,4744.1298828125,4650.2900390625,4659.02978515625,4251730000,0.0,0.0,-0.014346029234399538
2022-01-14 00:00:00-05:00,4637.990234375,4665.1298828125,4614.75,4662.85009765625,4338490000,0.0,0.0,0.0008196442695904693
2022-01-18 00:00:00-05:00,4632.240234375,4632.240234375,4568.7001953125,4577.10986328125,4748700000,0.0,0.0,-0.018559105398008313
2022-01-19 00:00:00-05:00,4588.02978515625,4611.5498046875,4530.2001953125,4532.759765625,4465740000,0.0,0.0,-0.009736790941460072
2022-01-20 00:00:00-05:00,4547.35009765625,4602.10986328125,4477.9501953125,4482.72998046875,4640870000,0.0,0.0,-0.011098742304332276
2022-01-21 00:00:00-05:00,4471.3798828125,4494.52001953125,4395.33984375,4397.93994140625,5589100000,0.0,0.0,-0.01909599532463524
2022-01-24 00:00:00-05:00,4356.31982421875,4417.35009765625,4222.6201171875,4410.1298828125,6928110000,0.0,0.0,0.0027679047582704897
2022-01-25 00:00:00-05:00,4366.64013671875,4411.009765625,4287.10986328125,4356.4501953125,5145050000,0.0,0.0,-0.012246590556866721
2022-01-26 00:00:00-05:00,4408.43017578125,4453.22998046875,4304.7998046875,4349.93017578125,5570640000,0.0,0.0,-0.0014977569258860512
2022-01-27 00:00:00-05:00,4380.580078125,4428.740234375,4309.5,4326.509765625,5214200000,0.0,0.0,-0.005398635199970414
2022-01-28 00:00:00-05:00,4336.18994140625,4432.72021484375,4292.4599609375,4431.85009765625,5031090000,0.0,0.0,0.024055967914735632
2022-01-31 00:00:00-05:00,4431.7900390625,4516.89013671875,4414.02001953125,4515.5498046875,5098610000,0.0,0.0,0.01870982622298456
2022-02-01 00:00:00-05:00,4519.56982421875,4550.490234375,4483.52978515625,4546.5400390625,4816830000,0.0,0.0,0.00683956034831823
2022-02-02 00:00:00-05:00,4566.39013671875,4595.31005859375,4544.31982421875,4589.3798828125,4481580000,0.0,0.0,0.009378400448323276
2022-02-03 00:00:00-05:00,4535.41015625,4542.8798828125,4470.39013671875,4477.43994140625,4401970000,0.0,0.0,-0.02469347172011993
2022-02-04 00:00:00-05:00,4482.7900390625,4539.66015625,4451.5,4500.52978515625,4706290000,0.0,0.0,0.005143678439862853
2022-02-07 00:00:00-05:00,4505.75,4521.85986328125,4471.47021484375,4483.8701171875,4228480000,0.0,0.0,-0.003708580927828109
2022-02-08 00:00:00-05:00,4480.02001953125,4531.31982421875,4465.39990234375,4521.5400390625,4459620000,0.0,0.0,0.008366113466633962
2022-02-09 00:00:00-05:00,4547.0,4590.02978515625,4547.0,4587.18017578125,4524350000,0.0,0.0,0.014412842079265076
2022-02-10 00:00:00-05:00,4553.240234375,4588.919921875,4484.31005859375,4504.080078125,5314860000,0.0,0.0,-0.01828182448505622
2022-02-11 00:00:00-05:00,4506.27001953125,4526.330078125,4401.41015625,4418.64013671875,5251500000,0.0,0.0,-0.019151682638085532
2022-02-14 00:00:00-05:00,4412.60986328125,4426.22021484375,4364.83984375,4401.669921875,4600390000,0.0,0.0,-0.003847990755629027
2022-02-15 00:00:00-05:00,4429.27978515625,4472.77001953125,4429.27978515625,4471.06982421875,4430830000,0.0,0.0,0.015643717646064204
2022-02-16 00:00:00-05:00,4455.75,4489.5498046875,4429.68017578125,4475.009765625,4283640000,0.0,0.0,0.0008808197202831991
2022-02-17 00:00:00-05:00,4456.06005859375,4456.06005859375,4373.81005859375,4380.259765625,4539420000,0.0,0.0,-0.021400504136936505
2022-02-18 00:00:00-05:00,4384.56982421875,4394.60009765625,4327.22021484375,4348.8701171875,4708060000,0.0,0.0,-0.007191961663865598
2022-02-22 00:00:00-05:00,4332.740234375,4362.1201171875,4267.10986328125,4304.759765625,5121900000,0.0,0.0,-0.010194735435016256
2022-02-23 00:00:00-05:00,4324.93017578125,4341.509765625,4221.509765625,4225.5,4797430000,0.0,0.0,-0.01858373574878769
2022-02-24 00:00:00-05:00,4155.77001953125,4294.72998046875,4114.64990234375,4288.7001953125,6752130000,0.0,0.0,0.014846105252724229
2022-02-25 00:00:00-05:00,4298.3798828125,4385.33984375,4286.830078125,4384.64990234375,5177060000,0.0,0.0,0.022126080551265304
2022-02-28 00:00:00-05:00,4354.169921875,4388.83984375,4315.1201171875,4373.93994140625,6071370000,0.0,0.0,-0.0024455914631271725
2022-03-01 00:00:00-05:00,4363.14013671875,4378.4501953125,4279.5400390625,4306.259765625,5846230000,0.0,0.0,-0.015594467786611332
2022-03-02 00:00:00-05:00,4322.56005859375,4401.47998046875,4322.56005859375,4386.5400390625,5337870000,0.0,0.0,0.01847104678065037
2022-03-03 00:00:00-05:00,4401.31005859375,4416.77978515625,4345.56005859375,4363.490234375,5039890000,0.0,0.0,-0.005268520744245109
2022-03-04 00:00:00-05:00,4342.1201171875,4342.1201171875,4284.97998046875,4328.8701171875,5797380000,0.0,0.0,-0.007965684543002283
2022-03-07 00:00:00-05:00,4327.009765625,4327.009765625,4199.85009765625,4201.08984375,6940470000,0.0,0.0,-0.029962586814415104
2022-03-08 00:00:00-05:00,4202.66015625,4276.93994140625,4157.8701171875,4170.7001953125,7243120000,0.0,0.0,-0.007260043975698238
2022-03-09 00:00:00-05:00,4223.10009765625,4299.39990234375,4223.10009765625,4277.8798828125,5662670000,0.0,0.0,0.02537359812214035
2022-03-10 00:00:00-05:00,4252.5498046875,4268.27978515625,4209.7998046875,4259.52001953125,4980830000,0.0,0.0,-0.0043010499202473795
2022-03-11 00:00:00-05:00,4279.5,4291.009765625,4200.490234375,4204.31005859375,4938640000,0.0,0.0,-0.013046278933238398
2022-03-14 00:00:00-04:00,4202.75,4247.56982421875,4161.72021484375,4173.10986328125,5574920000,0.0,0.0,-0.007448675095533375
2022-03-15 00:00:00-04:00,4188.81982421875,4271.0498046875,4187.89990234375,4262.4501953125,5392470000,0.0,0.0,0.021182629724146196
2022-03-16 00:00:00-04:00,4288.14013671875,4358.89990234375,4251.990234375,4357.85986328125,6309750000,0.0,0.0,0.02213692164839287
2022-03-17 00:00:00-04:00,4345.10986328125,4412.669921875,4335.64990234375,4411.669921875,4985090000,0.0,0.0,0.01227220506870097
2022-03-18 00:00:00-04:00,4407.33984375,4465.39990234375,4390.56982421875,4463.1201171875,8278430000,0.0,0.0,0.01159481441188781
2022-03-21 00:00:00-04:00,4462.39990234375,4481.75,4424.2998046875,4461.18017578125,4869820000,0.0,0.0,-0.00043475485430199967
2022-03-22 00:00:00-04:00,4469.10009765625,4522.0,4469.10009765625,4511.60986328125,4754840000,0.0,0.0,0.01124069955407414
2022-03-23 00:00:00-04:00,4493.10009765625,4501.06982421875,4455.81005859375,4456.240234375,4550670000,0.0,0.0,-0.012348630252494885
2022-03-24 00:00:00-04:00,4469.97998046875,4520.580078125,4465.169921875,4520.16015625,4131390000,0.0,0.0,0.014242012281618699
2022-03-25 00:00:00-04:00,4522.91015625,4546.02978515625,4501.06982421875,4543.06005859375,4305020000,0.0,0.0,0.005053380704236332
2022-03-28 00:00:00-04:00,4541.08984375,4575.64990234375,4517.68994140625,4575.52001953125,4312260000,0.0,0.0,0.007119551020043247
2022-03-29 00:00:00-04:00,4602.85986328125,4637.2998046875,4589.66015625,4631.60009765625,5085910000,0.0,0.0,0.012182044101392009
2022-03-30 00:00:00-04:00,4624.2001953125,4627.77001953125,4581.31982421875,4602.4501953125,4385570000,0.0,0.0,-0.0063135889990899585
2022-03-31 00:00:00-04:00,4599.02001953125,4603.06982421875,4530.41015625,4530.41015625,4823020000,0.0,0.0,-0.0157763352268816
2022-04-01 00:00:00-04:00,4540.31982421875,4548.7001953125,4507.56982421875,4545.85986328125,4562940000,0.0,0.0,0.003404420961462762
2022-04-04 00:00:00-04:00,4547.97021484375,4583.5,4539.2099609375,4582.64013671875,4547350000,0.0,0.0,0.00805838253213409
2022-04-05 00:00:00-04:00,4572.4501953125,4593.4501953125,4514.169921875,4525.1201171875,4800620000,0.0,0.0,-0.012631159074006248
2022-04-06 00:00:00-04:00,4494.169921875,4503.93994140625,4450.0400390625,4481.14990234375,4986830000,0.0,0.0,-0.009764433912478054
2022-04-07 00:00:00-04:00,4474.64990234375,4521.16015625,4450.2998046875,4500.2099609375,4821490000,0.0,0.0,0.004244365552036555
2022-04-08 00:00:00-04:00,4494.14990234375,4520.41015625,4474.60009765625,4488.27978515625,4083200000,0.0,0.0,-0.002654546675552538
2022-04-11 00:00:00-04:00,4462.64013671875,4464.35009765625,4408.3798828125,4412.52978515625,4266290000,0.0,0.0,-0.01702133458469568
2022-04-12 00:00:00-04:00,4437.58984375,4471.0,4381.33984375,4397.4501953125,4152090000,0.0,0.0,-0.003423300530453588
2022-04-13 00:00:00-04:00,4394.2998046875,4453.919921875,4392.7001953125,4446.58984375,3828150000,0.0,0.0,0.011112603268902177
2022-04-14 00:00:00-04:00,4449.1201171875,4460.4599609375,4390.77001953125,4392.58984375,4083090000,0.0,0.0,-0.012218480383507924
2022-04-18 00:00:00-04:00,4385.6298828125,4410.31005859375,4370.2998046875,4391.68994140625,3910490000,0.0,0.0,-0.00020488927240691623
2022-04-19 00:00:00-04:00,4390.6298828125,4471.02978515625,4390.6298828125,4462.2099609375,4108120000,0.0,0.0,0.015930044749387307
2022-04-20 00:00:00-04:00,4472.259765625,4488.2900390625,4448.759765625,4459.4501953125,4290450000,0.0,0.0,-0.0006186664061829106
2022-04-21 00:00:00-04:00,4489.169921875,4512.93994140625,4384.47021484375,4393.66015625,4636890000,0.0,0.0,-0.014862855551310616
2022-04-22 00:00:00-04:00,4385.830078125,4385.830078125,4267.6201171875,4271.77978515625,4651940000,0.0,0.0,-0.02813207637736781
2022-04-25 00:00:00-04:00,4255.33984375,4299.02001953125,4200.81982421875,4296.1201171875,5240040000,0.0,0.0,0.0056817651441125605
2022-04-26 00:00:00-04:00,4278.14013671875,4278.14013671875,4175.0400390625,4175.2001953125,4689970000,0.0,0.0,-0.028550008928597492
2022-04-27 00:00:00-04:00,4186.52001953125,4240.7099609375,4162.89990234375,4183.9599609375,4769680000,0.0,0.0,0.0020958490249647355
2022-04-28 00:00:00-04:00,4222.580078125,4308.4501953125,4188.6298828125,4287.5,4854180000,0.0,0.0,0.024445655340832317
2022-04-29 00:00:00-04:00,4253.75,4269.68017578125,4124.27978515625,4131.93017578125,5084030000,0.0,0.0,-0.03695915978469522
2022-05-02 00:00:00-04:00,4130.60986328125,4169.81005859375,4062.510009765625,4155.3798828125,5163790000,0.0,0.0,0.005659199293818418
2022-05-03 00:00:00-04:00,4159.77978515625,4200.10009765625,4147.080078125,4175.47998046875,4582050000,0.0,0.0,0.004825465075359858
2022-05-04 00:00:00-04:00,4181.18017578125,4307.66015625,4148.91015625,4300.169921875,5136360000,0.0,0.0,0.029425221557326964
2022-05-05 00:00:00-04:00,4270.43017578125,4270.43017578125,4106.009765625,4146.8701171875,5077030000,0.0,0.0,-0.036300677564099715
2022-05-06 00:00:00-04:00,4128.169921875,4157.68994140625,4067.909912109375,4123.33984375,5116940000,0.0,0.0,-0.005690384413952643
2022-05-09 00:00:00-04:00,4081.27001953125,4081.27001953125,3975.47998046875,3991.239990234375,5954520000,0.0,0.0,-0.03256151953960362
2022-05-10 00:00:00-04:00,4035.179931640625,4068.820068359375,3958.169921875,4001.050048828125,5885820000,0.0,0.0,0.002454881760408867
2022-05-11 00:00:00-04:00,3990.080078125,4049.090087890625,3928.820068359375,3935.179931640625,5816140000,0.0,0.0,-0.01660023209569772
2022-05-12 00:00:00-04:00,3903.949951171875,3964.800048828125,3858.8701171875,3930.080078125,6286450000,0.0,0.0,-0.0012968049941122217
2022-05-13 00:00:00-04:00,3963.89990234375,4038.8798828125,3963.89990234375,4023.889892578125,5183340000,0.0,0.0,0.023589267956868554
2022-05-16 00:00:00-04:00,4013.02001953125,4046.4599609375,3983.989990234375,4008.010009765625,4415030000,0.0,0.0,-0.003954208517722435
2022-05-17 00:00:00-04:00,4052.0,4090.719970703125,4033.929931640625,4088.85009765625,4841410000,0.0,0.0,0.019968919581462075
2022-05-18 00:00:00-04:00,4051.97998046875,4051.97998046875,3911.909912109375,3923.679931640625,5103220000,0.0,0.0,-0.041233809291247425
2022-05-19 00:00:00-04:00,3899.0,3945.9599609375,3876.580078125,3900.7900390625,5113550000,0.0,0.0,-0.005850864777348974
2022-05-20 00:00:00-04:00,3927.760009765625,3943.419921875,3810.320068359375,3901.360107421875,5130730000,0.0,0.0,0.0001461310919914638
2022-05-23 00:00:00-04:00,3919.419921875,3981.8798828125,3909.0400390625,3973.75,4420030000,0.0,0.0,0.018384995412059624
2022-05-24 00:00:00-04:00,3942.93994140625,3955.679931640625,3875.1298828125,3941.47998046875,4923190000,0.0,0.0,-0.008153950903556861
2022-05-25 00:00:00-04:00,3929.590087890625,3999.330078125,3925.030029296875,3978.72998046875,4802560000,0.0,0.0,0.009406385648931703
2022-05-26 00:00:00-04:00,3984.60009765625,4075.139892578125,3984.60009765625,4057.840087890625,4709970000,0.0,0.0,0.019688166007719943
2022-05-27 00:00:00-04:00,4077.429931640625,4158.490234375,4077.429931640625,4158.240234375,4375620000,0.0,0.0,0.024441130195821614
2022-05-31 00:00:00-04:00,4151.08984375,4168.33984375,4104.8798828125,4132.14990234375,6822640000,0.0,0.0,-0.006294135193666506
2022-06-01 00:00:00-04:00,4149.77978515625,4166.5400390625,4073.85009765625,4101.22998046875,4531800000,0.0,0.0,-0.007510905041154814
2022-06-02 00:00:00-04:00,4095.409912109375,4177.509765625,4074.3701171875,4176.81982421875,4405790000,0.0,0.0,0.018263225415545037
2022-06-03 00:00:00-04:00,4137.56982421875,4142.669921875,4098.669921875,4108.5400390625,3711110000,0.0,0.0,-0.01648240560981762
2022-06-06 00:00:00-04:00,4134.72021484375,4168.77978515625,4109.18017578125,4121.43017578125,4332700000,0.0,0.0,0.003132489407036587
2022-06-07 00:00:00-04:00,4096.47021484375,4164.85986328125,4080.18994140625,4160.68017578125,4248210000,0.0,0.0,0.009478331531719064
2022-06-08 00:00:00-04:00,4147.1201171875,4160.14013671875,4107.2001953125,4115.77001953125,4159470000,0.0,0.0,-0.010852623040154441
2022-06-09 00:00:00-04:00,4101.64990234375,4119.10009765625,4017.169921875,4017.820068359375,4134170000,0.0,0.0,-0.024086457665156047
2022-06-10 00:00:00-04:00,3974.389892578125,3974.389892578125,3900.159912109375,3900.860107421875,4889640000,0.0,0.0,-0.0295424148114094
2022-06-13 00:00:00-04:00,3838.14990234375,3838.14990234375,3734.300048828125,3749.6298828125,5636890000,0.0,0.0,-0.039539931990040245
2022-06-14 00:00:00-04:00,3763.52001953125,3778.179931640625,3705.679931640625,3735.47998046875,5153890000,0.0,0.0,-0.0037808180394893753
2022-06-15 00:00:00-04:00,3764.050048828125,3837.56005859375,3722.300048828125,3789.989990234375,5530480000,0.0,0.0,0.014487058836534672
2022-06-16 00:00:00-04:00,3728.179931640625,3728.179931640625,3639.77001953125,3666.77001953125,5644930000,0.0,0.0,-0.03305220711384038
2022-06-17 00:00:00-04:00,3665.89990234375,3707.7099609375,3636.8701171875,3674.840087890625,8520740000,0.0,0.0,0.0021984473410121552
2022-06-21 00:00:00-04:00,3715.31005859375,3779.64990234375,3715.31005859375,3764.7900390625,5292260000,0.0,0.0,0.02418247496067316
2022-06-22 00:00:00-04:00,3733.889892578125,3801.7900390625,3717.68994140625,3759.889892578125,5058990000,0.0,0.0,-0.0013024200953584142
2022-06-23 00:00:00-04:00,3774.7099609375,3802.580078125,3743.52001953125,3795.72998046875,5098640000,0.0,0.0,0.009487072485557135
2022-06-24 00:00:00-04:00,3821.75,3913.64990234375,3821.75,3911.739990234375,8120260000,0.0,0.0,0.0301055397299006
2022-06-27 00:00:00-04:00,3920.760009765625,3927.719970703125,3889.659912109375,3900.110107421875,4325310000,0.0,0.0,-0.0029774998903402405
2022-06-28 00:00:00-04:00,3913.0,3945.860107421875,3820.139892578125,3821.550048828125,4270120000,0.0,0.0,-0.02034867314949551
2022-06-29 00:00:00-04:00,3825.090087890625,3836.5,3799.02001953125,3818.830078125,4211240000,0.0,0.0,-0.0007119988201722549
2022-06-30 00:00:00-04:00,3785.989990234375,3818.989990234375,3738.669921875,3785.3798828125,4840070000,0.0,0.0,-0.008797866246368358
2022-07-01 00:00:00-04:00,3781.0,3829.820068359375,3752.10009765625,3825.330078125,4046950000,0.0,0.0,0.0104985112966407
2022-07-05 00:00:00-04:00,3792.610107421875,3832.18994140625,3742.06005859375,3831.389892578125,5076590000,0.0,0.0,0.001582875106192816
2022-07-06 00:00:00-04:00,3831.97998046875,3870.909912109375,3809.3701171875,3845.080078125,4417720000,0.0,0.0,0.003566795705065573
2022-07-07 00:00:00-04:00,3858.85009765625,3910.6298828125,3858.85009765625,3902.6201171875,4057770000,0.0,0.0,0.0148537231809307
2022-07-08 00:00:00-04:00,3888.260009765625,3918.5,3869.340087890625,3899.3798828125,3521620000,0.0,0.0,-0.0008306163961275814
2022-07-11 00:00:00-04:00,3880.93994140625,3880.93994140625,3847.219970703125,3854.429931640625,3423480000,0.0,0.0,-0.01159441766052538
2022-07-12 00:00:00-04:00,3851.949951171875,3873.409912109375,3802.360107421875,3818.800048828125,3817210000,0.0,0.0,-0.009286868497493828
2022-07-13 00:00:00-04:00,3779.669921875,3829.43994140625,3759.070068359375,3801.780029296875,4109390000,0.0,0.0,-0.004466864111815738
2022-07-14 00:00:00-04:00,3763.989990234375,3796.409912109375,3721.56005859375,3790.3798828125,4199690000,0.0,0.0,-0.0030031388127653713
2022-07-15 00:00:00-04:00,3818.0,3863.6201171875,3817.179931640625,3863.159912109375,4143800000,0.0,0.0,0.01901923165863373
2022-07-18 00:00:00-04:00,3883.7900390625,3902.43994140625,3818.6298828125,3830.85009765625,4046870000,0.0,0.0,-0.008398742485836053
2022-07-19 00:00:00-04:00,3860.72998046875,3939.81005859375,3860.72998046875,3936.68994140625,4041070000,0.0,0.0,0.027253517643730518
2022-07-20 00:00:00-04:00,3935.320068359375,3974.1298828125,3922.030029296875,3959.89990234375,4185300000,0.0,0.0,0.005878493941057883
2022-07-21 00:00:00-04:00,3955.469970703125,3999.2900390625,3927.639892578125,3998.949951171875,4132790000,0.0,0.0,0.009813066689504879
2022-07-22 00:00:00-04:00,3998.429931640625,4012.43994140625,3938.860107421875,3961.6298828125,3979240000,0.0,0.0,-0.009376287293813235
2022-07-25 00:00:00-04:00,3965.719970703125,3975.300048828125,3943.4599609375,3966.840087890625,3568340000,0.0,0.0,0.0013143029733058142
2022-07-26 00:00:00-04:00,3953.219970703125,3953.219970703125,3910.739990234375,3921.050048828125,3778950000,0.0,0.0,-0.011610342599263745
2022-07-27 00:00:00-04:00,3951.429931640625,4039.56005859375,3951.429931640625,4023.610107421875,4112180000,0.0,0.0,0.025820048778628646
2022-07-28 00:00:00-04:00,4026.1298828125,4078.949951171875,3992.969970703125,4072.429931640625,4413000000,0.0,0.0,0.012060319791912022
2022-07-29 00:00:00-04:00,4087.330078125,4140.14990234375,4079.219970703125,4130.2900390625,4616360000,0.0,0.0,0.014107775781754484
2022-08-01 00:00:00-04:00,4112.3798828125,4144.9501953125,4096.02001953125,4118.6298828125,4202810000,0.0,0.0,-0.002827076544916096
2022-08-02 00:00:00-04:00,4104.2099609375,4140.47021484375,4079.81005859375,4091.18994140625,4727710000,0.0,0.0,-0.006684688378872039
2022-08-03 00:00:00-04:00,4107.9599609375,4167.66015625,4107.9599609375,4155.169921875,4351760000,0.0,0.0,0.015517456270091046
2022-08-04 00:00:00-04:00,4154.85009765625,4161.2900390625,4135.419921875,4151.93994140625,4283320000,0.0,0.0,-0.0007776424495844481
2022-08-05 00:00:00-04:00,4115.8701171875,4151.580078125,4107.31005859375,4145.18994140625,4085940000,0.0,0.0,-0.0016270690189177373
2022-08-08 00:00:00-04:00,4155.93017578125,4186.6201171875,4128.97021484375,4140.06005859375,4221090000,0.0,0.0,-0.0012383171221213018
2022-08-09 00:00:00-04:00,4133.10986328125,4137.2998046875,4112.08984375,4122.47021484375,3913090000,0.0,0.0,-0.004257744235927063
2022-08-10 00:00:00-04:00,4181.02001953125,4211.02978515625,4177.259765625,4210.240234375,4546010000,0.0,0.0,0.021067158460407853
2022-08-11 00:00:00-04:00,4227.39990234375,4257.91015625,4201.41015625,4207.27001953125,4630200000,0.0,0.0,-0.0007057229222020567
2022-08-12 00:00:00-04:00,4225.02001953125,4280.47021484375,4219.77978515625,4280.14990234375,3788010000,0.0,0.0,0.017174046951492272
2022-08-15 00:00:00-04:00,4269.3701171875,4301.7900390625,4256.89990234375,4297.14013671875,3696830000,0.0,0.0,0.003961684056234205
2022-08-16 00:00:00-04:00,4290.4599609375,4325.27978515625,4277.77001953125,4305.2001953125,4329820000,0.0,0.0,0.0018739228259470053
2022-08-17 00:00:00-04:00,4280.39990234375,4302.18017578125,4253.080078125,4274.0400390625,3885030000,0.0,0.0,-0.007264114867647109
2022-08-18 00:00:00-04:00,4273.1298828125,4292.52978515625,4261.97998046875,4283.740234375,3340330000,0.0,0.0,0.0022669896063849393
2022-08-19 00:00:00-04:00,4266.31005859375,4266.31005859375,4218.7001953125,4228.47998046875,3761340000,0.0,0.0,-0.012983928713039106
2022-08-22 00:00:00-04:00,4195.080078125,4195.080078125,4129.85986328125,4137.990234375,3907430000,0.0,0.0,-0.0216323664664948
2022-08-23 00:00:00-04:00,4133.08984375,4159.77001953125,4124.02978515625,4128.72998046875,3823520000,0.0,0.0,-0.0022403704344373665
2022-08-24 00:00:00-04:00,4126.5498046875,4156.56005859375,4119.97021484375,4140.77001953125,3583630000,0.0,0.0,0.0029119166987232603
2022-08-25 00:00:00-04:00,4153.259765625,4200.5400390625,4147.58984375,4199.1201171875,3566870000,0.0,0.0,0.013993241836107728
2022-08-26 00:00:00-04:00,4198.740234375,4203.0400390625,4057.659912109375,4057.659912109375,3832750000,0.0,0.0,-0.03426857631703939
2022-08-29 00:00:00-04:00,4034.580078125,4062.989990234375,4017.419921875,4030.610107421875,3396510000,0.0,0.0,-0.006688675197326077
2022-08-30 00:00:00-04:00,4041.25,4044.97998046875,3965.2099609375,3986.159912109375,3835860000,0.0,0.0,-0.011089416492115589
2022-08-31 00:00:00-04:00,4000.669921875,4015.3701171875,3954.530029296875,3955.0,4542490000,0.0,0.0,-0.007847738208154098
2022-09-01 00:00:00-04:00,3936.72998046875,3970.22998046875,3903.64990234375,3966.85009765625,4152250000,0.0,0.0,0.002991752267195835
2022-09-02 00:00:00-04:00,3994.659912109375,4018.429931640625,3906.2099609375,3924.260009765625,3665850000,0.0,0.0,-0.010794552570724036
2022-09-06 00:00:00-04:00,3930.889892578125,3942.550048828125,3886.75,3908.18994140625,4127340000,0.0,0.0,-0.004103464690896175
2022-09-07 00:00:00-04:00,3909.429931640625,3987.889892578125,3906.030029296875,3979.8701171875,3890320000,0.0,0.0,0.018174848666170362
2022-09-08 00:00:00-04:00,3959.93994140625,4010.5,3944.81005859375,4006.179931640625,3966850000,0.0,0.0,0.006588966880441305
2022-09-09 00:00:00-04:00,4022.93994140625,4076.81005859375,4022.93994140625,4067.360107421875,3901940000,0.0,0.0,0.015156014981211996
2022-09-12 00:00:00-04:00,4083.669921875,4119.27978515625,4083.669921875,4110.41015625,3814200000,0.0,0.0,0.010528651483996398
2022-09-13 00:00:00-04:00,4037.1201171875,4037.1201171875,3921.280029296875,3932.68994140625,4224550000,0.0,0.0,-0.044199163031974464
2022-09-14 00:00:00-04:00,3940.72998046875,3961.93994140625,3912.179931640625,3946.010009765625,4293240000,0.0,0.0,0.003381289078845384
2022-09-15 00:00:00-04:00,3932.409912109375,3959.139892578125,3888.280029296875,3901.35009765625,4441830000,0.0,0.0,-0.011382272168150465
2022-09-16 00:00:00-04:00,3880.949951171875,3880.949951171875,3837.080078125,3873.330078125,7954650000,0.0,0.0,-0.007208049775663028
2022-09-19 00:00:00-04:00,3849.909912109375,3900.449951171875,3838.5,3899.889892578125,3766850000,0.0,0.0,0.00683369772470499
2022-09-20 00:00:00-04:00,3875.22998046875,3876.010009765625,3827.5400390625,3855.929931640625,4058050000,0.0,0.0,-0.011336114736598901
2022-09-21 00:00:00-04:00,3871.39990234375,3907.070068359375,3789.489990234375,3789.929931640625,4078330000,0.0,0.0,-0.017264674098507626
2022-09-22 00:00:00-04:00,3782.360107421875,3790.89990234375,3749.449951171875,3757.989990234375,4284600000,0.0,0.0,-0.008463293830454077
2022-09-23 00:00:00-04:00,3727.139892578125,3727.139892578125,3647.469970703125,3693.22998046875,5144270000,0.0,0.0,-0.017382828767329883
2022-09-26 00:00:00-04:00,3682.719970703125,3715.669921875,3644.760009765625,3655.0400390625,4886140000,0.0,0.0,-0.010394360890281007
2022-09-27 00:00:00-04:00,3686.43994140625,3717.530029296875,3623.2900390625,3647.2900390625,4577740000,0.0,0.0,-0.0021226109548244665
2022-09-28 00:00:00-04:00,3651.93994140625,3736.739990234375,3640.610107421875,3719.0400390625,4684850000,0.0,0.0,0.0194811441811531
2022-09-29 00:00:00-04:00,3687.010009765625,3687.010009765625,3610.39990234375,3640.469970703125,4681810000,0.0,0.0,-0.021352794823098264
2022-09-30 00:00:00-04:00,3633.47998046875,3671.43994140625,3584.1298828125,3585.6201171875,5645360000,0.0,0.0,-0.015181351546209143
2022-10-03 00:00:00-04:00,3609.780029296875,3698.35009765625,3604.929931640625,3678.429931640625,4806680000,0.0,0.0,0.02555457753092938
2022-10-04 00:00:00-04:00,3726.4599609375,3791.919921875,3726.4599609375,3790.929931640625,5146580000,0.0,0.0,0.030125341416800566
2022-10-05 00:00:00-04:00,3753.25,3806.909912109375,3722.659912109375,3783.280029296875,4293180000,0.0,0.0,-0.0020199875589383964
2022-10-06 00:00:00-04:00,3771.969970703125,3797.929931640625,3739.219970703125,3744.52001953125,4252100000,0.0,0.0,-0.010297922911394863
2022-10-07 00:00:00-04:00,3706.739990234375,3706.739990234375,3620.72998046875,3639.659912109375,4449660000,0.0,0.0,-0.02840319653147816
2022-10-10 00:00:00-04:00,3647.510009765625,3652.169921875,3588.10009765625,3612.389892578125,3834320000,0.0,0.0,-0.007520673133653233
2022-10-11 00:00:00-04:00,3595.860107421875,3640.659912109375,3568.449951171875,3588.840087890625,4759030000,0.0,0.0,-0.006540518412323948
2022-10-12 00:00:00-04:00,3590.830078125,3608.340087890625,3573.860107421875,3577.030029296875,4006830000,0.0,0.0,-0.0032961996501654767
2022-10-13 00:00:00-04:00,3520.3701171875,3685.409912109375,3491.580078125,3669.909912109375,5021680000,0.0,0.0,0.025634259307631524
2022-10-14 00:00:00-04:00,3690.409912109375,3712.0,3579.679931640625,3583.070068359375,4243030000,0.0,0.0,-0.02394712074452876
2022-10-17 00:00:00-04:00,3638.64990234375,3689.72998046875,3638.64990234375,3677.949951171875,4352780000,0.0,0.0,0.02613552455756185
2022-10-18 00:00:00-04:00,3746.260009765625,3762.7900390625,3686.530029296875,3719.97998046875,4483740000,0.0,0.0,0.01136276820708737
2022-10-19 00:00:00-04:00,3703.110107421875,3728.580078125,3666.510009765625,3695.159912109375,4223800000,0.0,0.0,-0.006694455239685482
2022-10-20 00:00:00-04:00,3689.050048828125,3736.0,3656.43994140625,3665.780029296875,4496620000,0.0,0.0,-0.007982686738765565
2022-10-21 00:00:00-04:00,3657.10009765625,3757.889892578125,3647.419921875,3752.75,5078020000,0.0,0.0,0.023447759860447448
2022-10-24 00:00:00-04:00,3762.010009765625,3810.739990234375,3741.64990234375,3797.340087890625,4747930000,0.0,0.0,0.011811940205111782
2022-10-25 00:00:00-04:00,3799.43994140625,3862.85009765625,3799.43994140625,3859.110107421875,4843120000,0.0,0.0,0.01613577001587352
2022-10-26 00:00:00-04:00,3825.969970703125,3886.14990234375,3824.070068359375,3830.60009765625,4817310000,0.0,0.0,-0.007415140398988385
2022-10-27 00:00:00-04:00,3834.68994140625,3859.949951171875,3803.7900390625,3807.300048828125,4687320000,0.0,0.0,-0.006101185053184466
2022-10-28 00:00:00-04:00,3808.260009765625,3905.419921875,3808.260009765625,3901.06005859375,4459410000,0.0,0.0,0.024328036770855377
2022-10-31 00:00:00-04:00,3881.85009765625,3893.72998046875,3863.179931640625,3871.97998046875,4820620000,0.0,0.0,-0.007482327030336577
2022-11-01 00:00:00-04:00,3901.7900390625,3911.7900390625,3843.800048828125,3856.10009765625,4481210000,0.0,0.0,-0.00410966372035837
2022-11-02 00:00:00-04:00,3852.89990234375,3894.43994140625,3758.679931640625,3759.68994140625,4899000000,0.0,0.0,-0.025319843737483083
2022-11-03 00:00:00-04:00,3733.25,3750.590087890625,3698.14990234375,3719.889892578125,4625290000,0.0,0.0,-0.010642422531956797
2022-11-04 00:00:00-04:00,3766.97998046875,3796.340087890625,3708.840087890625,3770.550048828125,5400180000,0.0,0.0,0.013526823285562983
2022-11-07 00:00:00-05:00,3780.7099609375,3813.949951171875,3764.699951171875,3806.800048828125,4341620000,0.0,0.0,0.009568061679360085
2022-11-08 00:00:00-05:00,3817.02001953125,3859.39990234375,3786.280029296875,3828.110107421875,4607640000,0.0,0.0,0.0055822828287599435
2022-11-09 00:00:00-05:00,3810.93994140625,3818.199951171875,3744.219970703125,3748.570068359375,4645010000,0.0,0.0,-0.020996784712302485
2022-11-10 00:00:00-05:00,3859.889892578125,3958.330078125,3859.889892578125,3956.3701171875,5781260000,0.0,0.0,0.05395251566479686
2022-11-11 00:00:00-05:00,3963.719970703125,4001.47998046875,3944.820068359375,3992.929931640625,5593310000,0.0,0.0,0.009198312304770084
2022-11-14 00:00:00-05:00,3977.969970703125,4008.969970703125,3956.39990234375,3957.25,4561930000,0.0,0.0,-0.008975940544917904
2022-11-15 00:00:00-05:00,4006.409912109375,4028.840087890625,3953.169921875,3991.72998046875,5015310000,0.0,0.0,0.008675376414668534
2022-11-16 00:00:00-05:00,3976.820068359375,3983.090087890625,3954.340087890625,3958.7900390625,4165320000,0.0,0.0,-0.008286283111873516
2022-11-17 00:00:00-05:00,3919.260009765625,3954.330078125,3906.5400390625,3946.56005859375,4051780000,0.0,0.0,-0.0030941046442301
2022-11-18 00:00:00-05:00,3966.389892578125,3979.889892578125,3935.97998046875,3965.340087890625,4037360000,0.0,0.0,0.004747295648158456
2022-11-21 00:00:00-05:00,3956.22998046875,3962.0,3933.340087890625,3949.93994140625,3850690000,0.0,0.0,-0.0038912498002758866
2022-11-22 00:00:00-05:00,3965.510009765625,4005.8798828125,3956.8798828125,4003.580078125,3887990000,0.0,0.0,0.013488606269829617
2022-11-23 00:00:00-05:00,4000.300048828125,4033.780029296875,3998.659912109375,4027.260009765625,3279720000,0.0,0.0,0.005897266041737126
2022-11-25 00:00:00-05:00,4023.340087890625,4034.02001953125,4020.760009765625,4026.1201171875,1706460000,0.0,0.0,-0.0002830842622021379
2022-11-28 00:00:00-05:00,4005.360107421875,4012.27001953125,3955.77001953125,3963.93994140625,3615430000,0.0,0.0,-0.015564696794065469
2022-11-29 00:00:00-05:00,3964.18994140625,3976.77001953125,3937.64990234375,3957.6298828125,3546040000,0.0,0.0,-0.001593133701623728
2022-11-30 00:00:00-05:00,3957.179931640625,4080.110107421875,3938.580078125,4080.110107421875,6579360000,0.0,0.0,0.030478643521295368
2022-12-01 00:00:00-05:00,4087.139892578125,4100.509765625,4050.8701171875,4076.570068359375,4527130000,0.0,0.0,-0.000868009829606109
2022-12-02 00:00:00-05:00,4040.169921875,4080.47998046875,4026.6298828125,4071.699951171875,4012620000,0.0,0.0,-0.0011953746637622942
2022-12-05 00:00:00-05:00,4052.02001953125,4052.449951171875,3984.489990234375,3998.840087890625,4280820000,0.0,0.0,-0.01805624963097152
2022-12-06 00:00:00-05:00,3996.6298828125,4001.510009765625,3918.389892578125,3941.260009765625,4368380000,0.0,0.0,-0.014503869422986426
2022-12-07 00:00:00-05:00,3933.280029296875,3957.570068359375,3922.679931640625,3933.919921875,4118050000,0.0,0.0,-0.0018641072533824854
2022-12-08 00:00:00-05:00,3947.7900390625,3974.18994140625,3935.830078125,3963.510009765625,4006900000,0.0,0.0,0.007493634413933137
2022-12-09 00:00:00-05:00,3954.169921875,3977.02001953125,3933.0400390625,3934.3798828125,3888260000,0.0,0.0,-0.00737671946421159
2022-12-12 00:00:00-05:00,3939.2900390625,3990.7099609375,3935.300048828125,3990.56005859375,3904130000,0.0,0.0,0.014178307299649973
2022-12-13 00:00:00-05:00,4069.3798828125,4100.9599609375,3993.030029296875,4019.64990234375,5079360000,0.0,0.0,0.007263223255456808
2022-12-14 00:00:00-05:00,4015.5400390625,4053.760009765625,3965.64990234375,3995.320068359375,4472340000,0.0,0.0,-0.0060711166238363035
2022-12-15 00:00:00-05:00,3958.3701171875,3958.3701171875,3879.449951171875,3895.75,4493900000,0.0,0.0,-0.0252374779018254
2022-12-16 00:00:00-05:00,3890.909912109375,3890.909912109375,3827.909912109375,3852.360107421875,7493660000,0.0,0.0,-0.011200239946012047
2022-12-19 00:00:00-05:00,3853.7900390625,3854.860107421875,3800.0400390625,3817.659912109375,3969610000,0.0,0.0,-0.009048328941103634
2022-12-20 00:00:00-05:00,3810.469970703125,3838.239990234375,3795.6201171875,3821.6201171875,3985370000,0.0,0.0,0.0010368006978893618
2022-12-21 00:00:00-05:00,3839.489990234375,3889.820068359375,3839.489990234375,3878.43994140625,3775200000,0.0,0.0,0.014758548669055571
2022-12-22 00:00:00-05:00,3853.260009765625,3853.260009765625,3764.489990234375,3822.389892578125,3956950000,0.0,0.0,-0.014557142498146547
2022-12-23 00:00:00-05:00,3815.110107421875,3845.800048828125,3797.010009765625,3844.820068359375,2819280000,0.0,0.0,0.005850952271915233
2022-12-27 00:00:00-05:00,3843.340087890625,3846.64990234375,3813.219970703125,3829.25,3030300000,0.0,0.0,-0.0040578440346585865
2022-12-28 00:00:00-05:00,3829.56005859375,3848.320068359375,3780.780029296875,3783.219970703125,3083520000,0.0,0.0,-0.012093470442948728
2022-12-29 00:00:00-05:00,3805.449951171875,3858.18994140625,3805.449951171875,3849.280029296875,3003680000,0.0,0.0,0.017310634314993578
2022-12-30 00:00:00-05:00,3829.06005859375,3839.85009765625,3800.340087890625,3839.5,2979870000,0.0,0.0,-0.002543975646110752
2023-01-03 00:00:00-05:00,3853.2900390625,3878.4599609375,3794.330078125,3824.139892578125,3959140000,0.0,0.0,-0.004008572481273731
2023-01-04 00:00:00-05:00,3840.360107421875,3873.159912109375,3815.77001953125,3852.969970703125,4414080000,0.0,0.0,0.007510694562139264
2023-01-05 00:00:00-05:00,3839.739990234375,3839.739990234375,3802.419921875,3808.10009765625,3893450000,0.0,0.0,-0.011713869136457333
2023-01-06 00:00:00-05:00,3823.3701171875,3906.18994140625,3809.56005859375,3895.080078125,3923560000,0.0,0.0,0.022583835589031764
2023-01-09 00:00:00-05:00,3910.820068359375,3950.570068359375,3890.419921875,3892.090087890625,4311770000,0.0,0.0,-0.0007679273259917352
2023-01-10 00:00:00-05:00,3888.570068359375,3919.830078125,3877.2900390625,3919.25,3851030000,0.0,0.0,0.006953997970594372
2023-01-11 00:00:00-05:00,3932.35009765625,3970.070068359375,3928.5400390625,3969.610107421875,4303360000,0.0,0.0,0.012767571192293659
2023-01-12 00:00:00-05:00,3977.570068359375,3997.760009765625,3937.56005859375,3983.169921875,4440260000,0.0,0.0,0.0034100849120424215
2023-01-13 00:00:00-05:00,3960.60009765625,4003.949951171875,3947.669921875,3999.090087890625,3939700000,0.0,0.0,0.003988892144656475
2023-01-17 00:00:00-05:00,3999.280029296875,4015.389892578125,3984.570068359375,3990.969970703125,4235560000,0.0,0.0,-0.0020325554309970073
2023-01-18 00:00:00-05:00,4002.25,4014.159912109375,3926.590087890625,3928.860107421875,4298710000,0.0,0.0,-0.015684966977744352
2023-01-19 00:00:00-05:00,3911.840087890625,3922.93994140625,3885.5400390625,3898.85009765625,3991500000,0.0,0.0,-0.0076676719018120565
2023-01-20 00:00:00-05:00,3909.0400390625,3972.9599609375,3897.860107421875,3972.610107421875,4013360000,0.0,0.0,0.01874167355235201
2023-01-23 00:00:00-05:00,3978.139892578125,4039.31005859375,3971.639892578125,4019.81005859375,3945210000,0.0,0.0,0.011811315951328893
2023-01-24 00:00:00-05:00,4001.739990234375,4023.919921875,3989.7900390625,4016.949951171875,3320430000,0.0,0.0,-0.0007117563642928815
2023-01-25 00:00:00-05:00,3982.7099609375,4019.550048828125,3949.06005859375,4016.219970703125,3724020000,0.0,0.0,-0.0001817415734652883
2023-01-26 00:00:00-05:00,4036.080078125,4061.570068359375,4013.2900390625,4060.429931640625,3809590000,0.0,0.0,0.010947708029114267
2023-01-27 00:00:00-05:00,4053.719970703125,4094.2099609375,4048.699951171875,4070.56005859375,3907760000,0.0,0.0,0.0024917340217047723
2023-01-30 00:00:00-05:00,4049.27001953125,4063.85009765625,4015.550048828125,4017.77001953125,3802000000,0.0,0.0,-0.01305356931529289
2023-01-31 00:00:00-05:00,4020.85009765625,4077.159912109375,4020.43994140625,4076.60009765625,4679320000,0.0,0.0,0.014536304416418844
2023-02-01 00:00:00-05:00,4070.070068359375,4148.9501953125,4037.199951171875,4119.2099609375,4856930000,0.0,0.0,0.010398056296885727
2023-02-02 00:00:00-05:00,4158.68017578125,4195.43994140625,4141.8798828125,4179.759765625,5624360000,0.0,0.0,0.014592384626853416
2023-02-03 00:00:00-05:00,4136.68994140625,4182.35986328125,4123.35986328125,4136.47998046875,4694510000,0.0,0.0,-0.010408592637284997
2023-02-06 00:00:00-05:00,4119.56982421875,4124.6298828125,4093.3798828125,4111.080078125,4114240000,0.0,0.0,-0.006159393193939877
2023-02-07 00:00:00-05:00,4105.35009765625,4176.5400390625,4088.389892578125,4164.0,4355860000,0.0,0.0,0.012790364037398305
2023-02-08 00:00:00-05:00,4153.47021484375,4156.85009765625,4111.669921875,4117.85986328125,4029820000,0.0,0.0,-0.011142573012412171
2023-02-09 00:00:00-05:00,4144.25,4156.22998046875,4069.669921875,4081.5,4270200000,0.0,0.0,-0.008869009831038
2023-02-10 00:00:00-05:00,4068.919921875,4094.360107421875,4060.7900390625,4090.4599609375,3891520000,0.0,0.0,0.0021928557092181222
2023-02-13 00:00:00-05:00,4096.6201171875,4138.89990234375,4092.669921875,4137.2900390625,3448620000,0.0,0.0,0.011383569951155081
2023-02-14 00:00:00-05:00,4126.7001953125,4159.77001953125,4095.010009765625,4136.1298828125,3929200000,0.0,0.0,-0.00028045385549368973
2023-02-15 00:00:00-05:00,4119.5,4148.10986328125,4103.97998046875,4147.60009765625,4075980000,0.0,0.0,0.002769337533075955
2023-02-16 00:00:00-05:00,4114.75,4136.5400390625,4089.489990234375,4090.409912109375,4143660000,0.0,0.0,-0.013884689204880729
2023-02-17 00:00:00-05:00,4077.389892578125,4081.510009765625,4047.949951171875,4079.090087890625,4045480000,0.0,0.0,-0.002771242172283195
2023-02-21 00:00:00-05:00,4052.35009765625,4052.35009765625,3995.18994140625,3997.340087890625,4121590000,0.0,0.0,-0.02024478397347096
2023-02-22 00:00:00-05:00,4001.830078125,4017.3701171875,3976.89990234375,3991.050048828125,4079320000,0.0,0.0,-0.001574795485643321
2023-02-23 00:00:00-05:00,4018.60009765625,4028.300048828125,3969.18994140625,4012.320068359375,3952940000,0.0,0.0,0.005315278263237744
2023-02-24 00:00:00-05:00,3973.239990234375,3978.25,3943.080078125,3970.0400390625,3877700000,0.0,0.0,-0.010593464619775617
2023-02-27 00:00:00-05:00,3992.360107421875,4018.050048828125,3973.550048828125,3982.239990234375,3836950000,0.0,0.0,0.0030682925395524308
2023-02-28 00:00:00-05:00,3977.18994140625,3997.5,3968.97998046875,3970.14990234375,5043400000,0.0,0.0,-0.0030406198309478327
2023-03-01 00:00:00-05:00,3963.340087890625,3971.72998046875,3939.050048828125,3951.389892578125,4249480000,0.0,0.0,-0.0047364642034928295
2023-03-02 00:00:00-05:00,3938.679931640625,3990.840087890625,3928.159912109375,3981.35009765625,4244900000,0.0,0.0,0.007553593731197239
2023-03-03 00:00:00-05:00,3998.02001953125,4048.2900390625,3995.169921875,4045.639892578125,4084730000,0.0,0.0,0.016018749176483382
2023-03-06 00:00:00-05:00,4055.14990234375,4078.489990234375,4044.610107421875,4048.419921875,4000870000,0.0,0.0,0.0006869307788477386
2023-03-07 00:00:00-05:00,4048.260009765625,4050.0,3980.31005859375,3986.3701171875,3922500000,0.0,0.0,-0.015445590479263416
2023-03-08 00:00:00-05:00,3987.550048828125,4000.409912109375,3969.760009765625,3992.010009765625,3535570000,0.0,0.0,0.0014137941356029415
2023-03-09 00:00:00-05:00,3998.659912109375,4017.81005859375,3908.699951171875,3918.320068359375,4445260000,0.0,0.0,-0.018631857945480945
2023-03-10 00:00:00-05:00,3912.77001953125,3934.050048828125,3846.320068359375,3861.590087890625,5518190000,0.0,0.0,-0.014583969436067434
2023-03-13 00:00:00-04:00,3835.1201171875,3905.050048828125,3808.860107421875,3855.760009765625,6558020000,0.0,0.0,-0.0015109018407386543
2023-03-14 00:00:00-04:00,3894.010009765625,3937.2900390625,3873.6298828125,3919.2900390625,5665870000,0.0,0.0,0.016342388235363714
2023-03-15 00:00:00-04:00,3876.739990234375,3894.260009765625,3838.239990234375,3891.929931640625,6594010000,0.0,0.0,-0.007005363929353692
2023-03-16 00:00:00-04:00,3878.929931640625,3964.4599609375,3864.110107421875,3960.280029296875,5695790000,0.0,0.0,0.01740957624903139
2023-03-17 00:00:00-04:00,3958.68994140625,3958.909912109375,3901.27001953125,3916.639892578125,9354280000,0.0,0.0,-0.011080621273952929
2023-03-20 00:00:00-04:00,3917.469970703125,3956.6201171875,3916.889892578125,3951.570068359375,5347140000,0.0,0.0,0.0088788696359412
2023-03-21 00:00:00-04:00,3975.889892578125,4009.080078125,3971.18994140625,4002.8701171875,4920240000,0.0,0.0,0.012898647518557738
2023-03-22 00:00:00-04:00,4002.0400390625,4039.489990234375,3936.169921875,3936.969970703125,4533010000,0.0,0.0,-0.016600248639841553
2023-03-23 00:00:00-04:00,3959.2099609375,4007.659912109375,3919.050048828125,3948.719970703125,4991600000,0.0,0.0,0.0029800838691826925
2023-03-24 00:00:00-04:00,3939.2099609375,3972.739990234375,3909.159912109375,3970.989990234375,4583970000,0.0,0.0,0.005623963084302019
2023-03-27 00:00:00-04:00,3982.929931640625,4003.830078125,3970.489990234375,3977.530029296875,4233540000,0.0,0.0,0.0016455995637674192
2023-03-28 00:00:00-04:00,3974.1298828125,3979.199951171875,3951.530029296875,3971.27001953125,4014600000,0.0,0.0,-0.0015750832883885124
2023-03-29 00:00:00-04:00,3999.530029296875,4030.590087890625,3999.530029296875,4027.81005859375,4145250000,0.0,0.0,0.014136870775047328
2023-03-30 00:00:00-04:00,4046.739990234375,4057.85009765625,4032.10009765625,4050.830078125,3930860000,0.0,0.0,0.0056989991994829126
2023-03-31 00:00:00-04:00,4056.179931640625,4110.75,4056.179931640625,4109.31005859375,4525120000,0.0,0.0,0.014333327782036775
2023-04-03 00:00:00-04:00,4102.2001953125,4127.66015625,4098.7900390625,4124.509765625,4234700000,0.0,0.0,0.0036920225658025885
2023-04-04 00:00:00-04:00,4128.02978515625,4133.1298828125,4086.8701171875,4100.60009765625,4227800000,0.0,0.0,-0.0058138397451621415
2023-04-05 00:00:00-04:00,4094.5,4099.68994140625,4072.56005859375,4090.3798828125,3968020000,0.0,0.0,-0.0024954816571209903
2023-04-06 00:00:00-04:00,4081.14990234375,4107.31982421875,4069.840087890625,4105.02001953125,3486690000,0.0,0.0,0.0035727731328023538
2023-04-10 00:00:00-04:00,4085.199951171875,4109.5,4072.550048828125,4109.10986328125,3423650000,0.0,0.0,0.000995807017009298
2023-04-11 00:00:00-04:00,4110.2900390625,4124.259765625,4102.60986328125,4108.93994140625,3665830000,0.0,0.0,-4.135333298194155e-05
2023-04-12 00:00:00-04:00,4121.72021484375,4134.3701171875,4086.93994140625,4091.949951171875,3633120000,0.0,0.0,-0.004143456323461692
2023-04-13 00:00:00-04:00,4100.0400390625,4150.259765625,4099.39990234375,4146.22021484375,3596590000,0.0,0.0,0.013175510497831056
2023-04-14 00:00:00-04:00,4140.10986328125,4163.18994140625,4113.2001953125,4137.64013671875,3575690000,0.0,0.0,-0.002071517584578686
2023-04-17 00:00:00-04:00,4137.169921875,4151.72021484375,4123.18017578125,4151.31982421875,3611180000,0.0,0.0,0.003300703582615583
2023-04-18 00:00:00-04:00,4164.259765625,4169.47998046875,4140.35986328125,4154.8701171875,3536640000,0.0,0.0,0.0008548548034656989
2023-04-19 00:00:00-04:00,4139.330078125,4162.56982421875,4134.490234375,4154.52001953125,3572560000,0.0,0.0,-8.426554794027652e-05
2023-04-20 00:00:00-04:00,4130.47998046875,4148.56982421875,4114.56982421875,4129.7900390625,3772080000,0.0,0.0,-0.005970335188310472
2023-04-21 00:00:00-04:00,4132.14013671875,4138.02001953125,4113.85986328125,4133.52001953125,3611750000,0.0,0.0,0.0009027812573005889
2023-04-24 00:00:00-04:00,4132.06982421875,4142.41015625,4117.77001953125,4137.0400390625,3290940000,0.0,0.0,0.000851216778272601
2023-04-25 00:00:00-04:00,4126.43017578125,4126.43017578125,4071.3798828125,4071.6298828125,3978640000,0.0,0.0,-0.01593718381857734
2023-04-26 00:00:00-04:00,4087.780029296875,4089.669921875,4049.35009765625,4055.989990234375,3837030000,0.0,0.0,-0.003848583503344827
2023-04-27 00:00:00-04:00,4075.2900390625,4138.240234375,4075.2900390625,4135.35009765625,3750550000,0.0,0.0,0.019377193402696946
2023-04-28 00:00:00-04:00,4129.6298828125,4170.06005859375,4127.18017578125,4169.47998046875,4087800000,0.0,0.0,0.008219331313243927
2023-05-01 00:00:00-04:00,4166.7900390625,4186.919921875,4164.1201171875,4167.8701171875,3321370000,0.0,0.0,-0.0003861810485101813
2023-05-02 00:00:00-04:00,4164.10009765625,4164.10009765625,4089.719970703125,4119.580078125,4486130000,0.0,0.0,-0.0116539066805732
2023-05-03 00:00:00-04:00,4122.25,4148.2998046875,4088.860107421875,4090.75,4246510000,0.0,0.0,-0.007022908054892696
2023-05-04 00:00:00-04:00,4082.550048828125,4082.610107421875,4048.280029296875,4061.219970703125,4920090000,0.0,0.0,-0.007244913455062729
2023-05-05 00:00:00-04:00,4084.72998046875,4147.02001953125,4084.72998046875,4136.25,4186270000,0.0,0.0,0.018306166381879763
2023-05-08 00:00:00-04:00,4136.97998046875,4142.2998046875,4123.81005859375,4138.1201171875,3641640000,0.0,0.0,0.00045202648488285035
2023-05-09 00:00:00-04:00,4124.25,4130.35009765625,4116.64990234375,4119.169921875,3810140000,0.0,0.0,-0.004589938949060013
2023-05-10 00:00:00-04:00,4143.740234375,4154.27978515625,4098.919921875,4137.64013671875,4057160000,0.0,0.0,0.004473942241913775
2023-05-11 00:00:00-04:00,4132.240234375,4132.7998046875,4109.2900390625,4130.6201171875,3752900000,0.0,0.0,-0.001698064889705364
2023-05-12 00:00:00-04:00,4138.5400390625,4143.740234375,4099.1201171875,4124.080078125,3533740000,0.0,0.0,-0.001584561589439204
2023-05-15 00:00:00-04:00,4126.64990234375,4141.25,4110.27001953125,4136.27978515625,3562170000,0.0,0.0,0.002953797680316228
2023-05-16 00:00:00-04:00,4127.9501953125,4135.5400390625,4109.85986328125,4109.89990234375,3654200000,0.0,0.0,-0.006398107681917509
2023-05-17 00:00:00-04:00,4122.85009765625,4164.669921875,4113.6201171875,4158.77001953125,4039080000,0.0,0.0,0.011820688622071529
2023-05-18 00:00:00-04:00,4157.68017578125,4202.2001953125,4153.5,4198.0498046875,3980500000,0.0,0.0,0.009400723063727412
2023-05-19 00:00:00-04:00,4204.14990234375,4212.91015625,4180.2001953125,4191.97998046875,4041900000,0.0,0.0,-0.0014469138806756376
2023-05-22 00:00:00-04:00,4190.77978515625,4209.22021484375,4179.68017578125,4192.6298828125,3728520000,0.0,0.0,0.0001550226798023857
2023-05-23 00:00:00-04:00,4176.7998046875,4185.68017578125,4142.5400390625,4145.580078125,4155320000,0.0,0.0,-0.011285468768283735
2023-05-24 00:00:00-04:00,4132.9599609375,4132.9599609375,4103.97998046875,4115.240234375,3739160000,0.0,0.0,-0.0073455126783059654
2023-05-25 00:00:00-04:00,4155.7099609375,4165.740234375,4129.72998046875,4151.27978515625,4147760000,0.0,0.0,0.008719456079012033
2023-05-26 00:00:00-04:00,4156.16015625,4212.8701171875,4156.16015625,4205.4501953125,3715460000,0.0,0.0,0.01296468093164016
2023-05-30 00:00:00-04:00,4226.7099609375,4231.10009765625,4192.18017578125,4205.52001953125,4228510000,0.0,0.0,1.6603130665870935e-05
2023-05-31 00:00:00-04:00,4190.740234375,4195.43994140625,4166.14990234375,4179.830078125,5980670000,0.0,0.0,-0.006127358186214238
2023-06-01 00:00:00-04:00,4183.02978515625,4232.43017578125,4171.64013671875,4221.02001953125,4391860000,0.0,0.0,0.00980621508585422
2023-06-02 00:00:00-04:00,4241.009765625,4290.669921875,4241.009765625,4282.3701171875,4454200000,0.0,0.0,0.014429812390106989
2023-06-05 00:00:00-04:00,4282.990234375,4299.27978515625,4266.81982421875,4273.7900390625,3813290000,0.0,0.0,-0.002005591490657821
2023-06-06 00:00:00-04:00,4271.33984375,4288.330078125,4263.08984375,4283.85009765625,3996560000,0.0,0.0,0.0023511302338512508
2023-06-07 00:00:00-04:00,4285.47021484375,4299.18994140625,4263.9599609375,4267.52001953125,4537800000,0.0,0.0,-0.003819293926420997
2023-06-08 00:00:00-04:00,4268.68994140625,4298.009765625,4261.06982421875,4293.93017578125,3826740000,0.0,0.0,0.006169571607523849
2023-06-09 00:00:00-04:00,4304.8798828125,4322.6201171875,4291.7001953125,4298.85986328125,3786510000,0.0,0.0,0.0011474010230507758
2023-06-12 00:00:00-04:00,4308.31982421875,4340.1298828125,4304.3701171875,4338.93017578125,3945670000,0.0,0.0,0.009277974981754866
2023-06-13 00:00:00-04:00,4352.60986328125,4375.3701171875,4349.31005859375,4369.009765625,4275400000,0.0,0.0,0.006908570725908447
2023-06-14 00:00:00-04:00,4366.2900390625,4391.81982421875,4337.85009765625,4372.58984375,4252110000,0.0,0.0,0.000819089980126364
2023-06-15 00:00:00-04:00,4365.330078125,4439.2001953125,4362.60009765625,4425.83984375,4176690000,0.0,0.0,0.012104580493589978
2023-06-16 00:00:00-04:00,4440.9501953125,4448.47021484375,4407.43994140625,4409.58984375,6848600000,0.0,0.0,-0.0036783764677519315
2023-06-20 00:00:00-04:00,4396.10986328125,4400.14990234375,4367.18994140625,4388.7099609375,4055790000,0.0,0.0,-0.004746353835235695
2023-06-21 00:00:00-04:00,4380.009765625,4386.22021484375,4360.14013671875,4365.68994140625,3709330000,0.0,0.0,-0.005259086366924848
2023-06-22 00:00:00-04:00,4355.39990234375,4382.25,4351.81982421875,4381.89013671875,3511000000,0.0,0.0,0.003703930387334964
2023-06-23 00:00:00-04:00,4354.169921875,4366.5498046875,4341.33984375,4348.330078125,6053620000,0.0,0.0,-0.007688288056503012
2023-06-26 00:00:00-04:00,4344.83984375,4362.06005859375,4328.080078125,4328.81982421875,3415030000,0.0,0.0,-0.0044969343631322545
2023-06-27 00:00:00-04:00,4337.35986328125,4384.419921875,4335.0,4378.41015625,3573500000,0.0,0.0,0.011390733524182295
2023-06-28 00:00:00-04:00,4367.47998046875,4390.35009765625,4360.22021484375,4376.85986328125,3739330000,0.0,0.0,-0.000354139388390351
2023-06-29 00:00:00-04:00,4374.93994140625,4398.39013671875,4371.97021484375,4396.43994140625,3696660000,0.0,0.0,0.004463568114490002
2023-06-30 00:00:00-04:00,4422.43994140625,4458.47998046875,4422.43994140625,4450.3798828125,3923450000,0.0,0.0,0.0121943502618862
2023-07-03 00:00:00-04:00,4450.47998046875,4456.4599609375,4442.2900390625,4455.58984375,2034280000,0.0,0.0,0.0011699930926720725
2023-07-05 00:00:00-04:00,4442.0400390625,4454.06005859375,4436.60986328125,4446.81982421875,3482620000,0.0,0.0,-0.0019702580976126427
2023-07-06 00:00:00-04:00,4422.6201171875,4422.6201171875,4385.0498046875,4411.58984375,3682020000,0.0,0.0,-0.007954061175894367
2023-07-07 00:00:00-04:00,4404.5400390625,4440.39013671875,4397.39990234375,4398.9501953125,3630480000,0.0,0.0,-0.002869212795733489
2023-07-10 00:00:00-04:00,4394.22998046875,4412.60009765625,4389.919921875,4409.52978515625,3429600000,0.0,0.0,0.0024021386106269915
2023-07-11 00:00:00-04:00,4415.5498046875,4443.64013671875,4408.4599609375,4439.259765625,3624220000,0.0,0.0,0.0067195839982545635
2023-07-12 00:00:00-04:00,4467.68994140625,4488.33984375,4463.22998046875,4472.16015625,3920290000,0.0,0.0,0.007383905235389676
2023-07-13 00:00:00-04:00,4491.5,4517.3798828125,4489.35986328125,4510.0400390625,3839530000,0.0,0.0,0.008434482989626346
2023-07-14 00:00:00-04:00,4514.60986328125,4527.759765625,4499.56005859375,4505.419921875,3647450000,0.0,0.0,-0.0010249321969073577
2023-07-17 00:00:00-04:00,4508.85986328125,4532.85009765625,4504.89990234375,4522.7900390625,3538240000,0.0,0.0,0.0038479695744211284
2023-07-18 00:00:00-04:00,4521.77978515625,4562.2998046875,4514.58984375,4554.97998046875,4090010000,0.0,0.0,0.007092066941428499
2023-07-19 00:00:00-04:00,4563.8701171875,4578.43017578125,4557.47998046875,4565.72021484375,4115670000,0.0,0.0,0.002355134827233485
2023-07-20 00:00:00-04:00,4554.3798828125,4564.740234375,4527.56005859375,4534.8701171875,3761770000,0.0,0.0,-0.006779827396258042
2023-07-21 00:00:00-04:00,4550.16015625,4555.0,4535.7900390625,4536.33984375,3570190000,0.0,0.0,0.0003240420146131129
2023-07-24 00:00:00-04:00,4543.39013671875,4563.41015625,4541.2900390625,4554.64013671875,3856250000,0.0,0.0,0.004026038496874662
2023-07-25 00:00:00-04:00,4555.18994140625,4580.6201171875,4552.419921875,4567.4599609375,3812470000,0.0,0.0,0.0028107195758391157
2023-07-26 00:00:00-04:00,4558.9599609375,4582.47021484375,4547.580078125,4566.75,3990290000,0.0,0.0,-0.00015545097867608604
2023-07-27 00:00:00-04:00,4598.259765625,4607.06982421875,4528.56005859375,4537.41015625,4553210000,0.0,0.0,-0.0064453930551966465
2023-07-28 00:00:00-04:00,4565.75,4590.16015625,4564.009765625,4582.22998046875,3981010000,0.0,0.0,0.009829375810433305
2023-07-31 00:00:00-04:00,4584.81982421875,4594.22021484375,4573.14013671875,4588.9599609375,4503600000,0.0,0.0,0.0014676354365690258
2023-08-01 00:00:00-04:00,4578.830078125,4584.6201171875,4567.52978515625,4576.72998046875,4042370000,0.0,0.0,-0.0026686453076827377
2023-08-02 00:00:00-04:00,4550.93017578125,4550.93017578125,4505.75,4513.39013671875,4270710000,0.0,0.0,-0.01393620063833545
2023-08-03 00:00:00-04:00,4494.27001953125,4519.490234375,4485.5400390625,4501.89013671875,4149120000,0.0,0.0,-0.0025512254502917386
2023-08-04 00:00:00-04:00,4513.9599609375,4540.33984375,4474.5498046875,4478.02978515625,4143310000,0.0,0.0,-0.005314169373939137
2023-08-07 00:00:00-04:00,4491.580078125,4519.83984375,4491.14990234375,4518.43994140625,3493920000,0.0,0.0,0.008983618964856888
2023-08-08 00:00:00-04:00,4498.02978515625,4503.31005859375,4464.39013671875,4499.3798828125,3884910000,0.0,0.0,-0.004227205100058029
2023-08-09 00:00:00-04:00,4501.56982421875,4502.43994140625,4461.330078125,4467.7099609375,3803100000,0.0,0.0,-0.007063619102046559
2023-08-10 00:00:00-04:00,4487.16015625,4527.3701171875,4457.919921875,4468.830078125,4504370000,0.0,0.0,0.0002506825210808472
2023-08-11 00:00:00-04:00,4450.68994140625,4476.22998046875,4443.97998046875,4464.0498046875,3753290000,0.0,0.0,-0.0010702648992282349
2023-08-14 00:00:00-04:00,4458.1298828125,4490.330078125,4453.43994140625,4489.72021484375,3896410000,0.0,0.0,0.005734004879418109
2023-08-15 00:00:00-04:00,4478.8701171875,4478.8701171875,4432.18994140625,4437.85986328125,3832250000,0.0,0.0,-0.011618139396096794
2023-08-16 00:00:00-04:00,4433.7900390625,4449.9501953125,4403.5498046875,4404.330078125,3753910000,0.0,0.0,-0.00758408179262382
2023-08-17 00:00:00-04:00,4416.31982421875,4421.169921875,4364.830078125,4370.35986328125,3943700000,0.0,0.0,-0.00774281137752908
2023-08-18 00:00:00-04:00,4344.8798828125,4381.81982421875,4335.31005859375,4369.7099609375,3940400000,0.0,0.0,-0.00014871788395787178
2023-08-21 00:00:00-04:00,4380.27978515625,4407.5498046875,4360.2998046875,4399.77001953125,3726850000,0.0,0.0,0.006855634859800119
2023-08-22 00:00:00-04:00,4415.330078125,4418.58984375,4382.77001953125,4387.5498046875,3522760000,0.0,0.0,-0.002781331046545432
2023-08-23 00:00:00-04:00,4396.43994140625,4443.18017578125,4396.43994140625,4436.009765625,3837270000,0.0,0.0,0.010984330710790857
2023-08-24 00:00:00-04:00,4455.16015625,4458.2998046875,4375.5498046875,4376.31005859375,3723470000,0.0,0.0,-0.013549353984007695
2023-08-25 00:00:00-04:00,4389.3798828125,4418.4599609375,4356.2900390625,4405.7099609375,3296180000,0.0,0.0,0.0066955010602960385
2023-08-28 00:00:00-04:00,4426.02978515625,4439.56005859375,4414.97998046875,4433.31005859375,2957230000,0.0,0.0,0.006245078594195874
2023-08-29 00:00:00-04:00,4432.75,4500.14013671875,4431.68017578125,4497.6298828125,3354820000,0.0,0.0,0.014404068712057239
2023-08-30 00:00:00-04:00,4500.33984375,4521.64990234375,4493.58984375,4514.8701171875,3064110000,0.0,0.0,0.003825854181192412
2023-08-31 00:00:00-04:00,4517.009765625,4532.259765625,4507.39013671875,4507.66015625,3946360000,0.0,0.0,-0.0015982129743399298
2023-09-01 00:00:00-04:00,4530.60009765625,4541.25,4501.35009765625,4515.77001953125,3246260000,0.0,0.0,0.0017975127655187606
2023-09-05 00:00:00-04:00,4510.06005859375,4514.2900390625,4496.009765625,4496.830078125,3526250000,0.0,0.0,-0.004202997821382226
2023-09-06 00:00:00-04:00,4490.35009765625,4490.35009765625,4442.3798828125,4465.47998046875,3418850000,0.0,0.0,-0.006996014491431168
2023-09-07 00:00:00-04:00,4434.5498046875,4457.81005859375,4430.4599609375,4451.14013671875,3763760000,0.0,0.0,-0.003216433115733608
2023-09-08 00:00:00-04:00,4451.2998046875,4473.52978515625,4448.3798828125,4457.490234375,3259290000,0.0,0.0,0.0014256060622575006
2023-09-11 00:00:00-04:00,4480.97998046875,4490.77001953125,4467.89013671875,4487.4599609375,3369920000,0.0,0.0,0.006700951498135765
2023-09-12 00:00:00-04:00,4473.27001953125,4487.10986328125,4456.830078125,4461.89990234375,3435740000,0.0,0.0,-0.005712169023004421
2023-09-13 00:00:00-04:00,4462.64990234375,4479.39013671875,4453.52001953125,4467.43994140625,3529430000,0.0,0.0,0.0012408621175339363
2023-09-14 00:00:00-04:00,4487.77978515625,4511.990234375,4478.68994140625,4505.10009765625,3648720000,0.0,0.0,0.008394585533666898
2023-09-15 00:00:00-04:00,4497.97998046875,4497.97998046875,4447.2099609375,4450.31982421875,6932230000,0.0,0.0,-0.01223414584249305
2023-09-18 00:00:00-04:00,4445.1298828125,4466.35986328125,4442.10986328125,4453.52978515625,3161230000,0.0,0.0,0.0007210276941744809
2023-09-19 00:00:00-04:00,4445.41015625,4449.85009765625,4416.60986328125,4443.9501953125,3614880000,0.0,0.0,-0.002153327361533286
2023-09-20 00:00:00-04:00,4452.81005859375,4461.02978515625,4401.3798828125,4402.2001953125,3308450000,0.0,0.0,-0.009439204206291407
2023-09-21 00:00:00-04:00,4374.35986328125,4375.7001953125,4329.169921875,4330.0,3662340000,0.0,0.0,-0.016536918318488247
2023-09-22 00:00:00-04:00,4341.740234375,4357.39990234375,4316.490234375,4320.06005859375,3349570000,0.0,0.0,-0.0022982374027602503
2023-09-25 00:00:00-04:00,4310.6201171875,4338.509765625,4302.7001953125,4337.43994140625,3195650000,0.0,0.0,0.004014994203807021
2023-09-26 00:00:00-04:00,4312.8798828125,4313.009765625,4265.97998046875,4273.52978515625,3472340000,0.0,0.0,-0.014844165482264415
2023-09-27 00:00:00-04:00,4282.6298828125,4292.06982421875,4238.6298828125,4274.509765625,3875880000,0.0,0.0,0.00022928777229402897
2023-09-28 00:00:00-04:00,4269.64990234375,4317.27001953125,4264.3798828125,4299.7001953125,3846230000,0.0,0.0,0.005875877143001418
2023-09-29 00:00:00-04:00,4328.18017578125,4333.14990234375,4274.85986328125,4288.0498046875,3865960000,0.0,0.0,-0.0027132596482903892
2023-10-02 00:00:00-04:00,4284.52001953125,4300.580078125,4260.2099609375,4288.39013671875,3938660000,0.0,0.0,7.936440615274876e-05
2023-10-03 00:00:00-04:00,4269.75,4281.14990234375,4216.4501953125,4229.4501953125,3953830000,0.0,0.0,-0.013839395863447734
2023-10-04 00:00:00-04:00,4233.830078125,4268.5,4220.47998046875,4263.75,3777600000,0.0,0.0,0.008077047607828902
2023-10-05 00:00:00-04:00,4259.31005859375,4267.1298828125,4225.91015625,4258.18994140625,3581470000,0.0,0.0,-0.0013048811469964505
2023-10-06 00:00:00-04:00,4234.7900390625,4324.10009765625,4219.5498046875,4308.5,3902030000,0.0,0.0,0.01174564209396145
2023-10-09 00:00:00-04:00,4289.02001953125,4341.72998046875,4283.7900390625,4335.66015625,3174630000,0.0,0.0,0.0062840681193883086
2023-10-10 00:00:00-04:00,4339.75,4385.4599609375,4339.64013671875,4358.240234375,3520240000,0.0,0.0,0.005194476099985579
2023-10-11 00:00:00-04:00,4366.58984375,4378.64013671875,4345.33984375,4376.9501953125,3601660000,0.0,0.0,0.004283819500095376
2023-10-12 00:00:00-04:00,4380.93994140625,4385.85009765625,4325.43017578125,4349.60986328125,3713140000,0.0,0.0,-0.006266024940655868
2023-10-13 00:00:00-04:00,4360.490234375,4377.10009765625,4311.97021484375,4327.77978515625,3566560000,0.0,0.0,-0.005031495660219321
2023-10-16 00:00:00-04:00,4342.3701171875,4383.330078125,4342.3701171875,4373.6298828125,3409960000,0.0,0.0,0.010538642302590162
2023-10-17 00:00:00-04:00,4345.22998046875,4393.56982421875,4337.5400390625,4373.2001953125,3794850000,0.0,0.0,-9.824987944462293e-05
2023-10-18 00:00:00-04:00,4357.35009765625,4364.2001953125,4303.83984375,4314.60009765625,3686030000,0.0,0.0,-0.01349040825115111
2023-10-19 00:00:00-04:00,4321.35986328125,4339.5400390625,4269.68994140625,4278.0,3969730000,0.0,0.0,-0.008519032328058174
2023-10-20 00:00:00-04:00,4273.85009765625,4276.56005859375,4223.02978515625,4224.16015625,4004030000,0.0,0.0,-0.012665149196156023
2023-10-23 00:00:00-04:00,4210.39990234375,4255.83984375,4189.22021484375,4217.0400390625,3776100000,0.0,0.0,-0.0016869920654354331
2023-10-24 00:00:00-04:00,4235.7900390625,4259.3798828125,4219.43017578125,4247.68017578125,3821820000,0.0,0.0,0.007239523519629643
2023-10-25 00:00:00-04:00,4232.419921875,4232.419921875,4181.419921875,4186.77001953125,3869370000,0.0,0.0,-0.014443434657238186
2023-10-26 00:00:00-04:00,4175.990234375,4183.60009765625,4127.89990234375,4137.22998046875,4277640000,0.0,0.0,-0.011903081205584698
2023-10-27 00:00:00-04:00,4152.93017578125,4156.7001953125,4103.77978515625,4117.3701171875,4019500000,0.0,0.0,-0.004811838578621774
2023-10-30 00:00:00-04:00,4139.39013671875,4177.47021484375,4132.93994140625,4166.81982421875,3911140000,0.0,0.0,0.011938474300286828
2023-10-31 00:00:00-04:00,4171.330078125,4195.5498046875,4153.1201171875,4193.7998046875,4249470000,0.0,0.0,0.006454084821687189
2023-11-01 00:00:00-04:00,4201.27001953125,4245.64013671875,4197.740234375,4237.85986328125,4224900000,0.0,0.0,0.010451194990192647
2023-11-02 00:00:00-04:00,4268.259765625,4319.72021484375,4268.259765625,4317.77978515625,4669780000,0.0,0.0,0.018682938934086124
2023-11-03 00:00:00-04:00,4334.22998046875,4373.6201171875,4334.22998046875,4358.33984375,4570960000,0.0,0.0,0.009349883544551574
2023-11-06 00:00:00-05:00,4364.27001953125,4372.2099609375,4347.52978515625,4365.97998046875,3656340000,0.0,0.0,0.0017514577241009022
2023-11-07 00:00:00-05:00,4366.2099609375,4386.259765625,4355.41015625,4378.3798828125,3791230000,0.0,0.0,0.002836093401711537
2023-11-08 00:00:00-05:00,4384.3701171875,4391.2001953125,4359.759765625,4382.77978515625,3729510000,0.0,0.0,0.001004411032420549
2023-11-09 00:00:00-05:00,4391.41015625,4393.39990234375,4343.93994140625,4347.35009765625,3900780000,0.0,0.0,-0.00811669069906884
2023-11-10 00:00:00-05:00,4364.14990234375,4418.02978515625,4353.33984375,4415.240234375,3665080000,0.0,0.0,0.01549575927077207
2023-11-13 00:00:00-05:00,4406.66015625,4421.759765625,4393.81982421875,4411.5498046875,3326240000,0.0,0.0,-0.0008361884413705667
2023-11-14 00:00:00-05:00,4458.97021484375,4508.669921875,4458.97021484375,4495.7001953125,4700350000,0.0,0.0,0.01889537047457779
2023-11-15 00:00:00-05:00,4505.2998046875,4521.169921875,4495.31005859375,4502.8798828125,4347170000,0.0,0.0,0.001595738207846864
2023-11-16 00:00:00-05:00,4497.080078125,4511.990234375,4487.830078125,4508.240234375,3964520000,0.0,0.0,0.0011897193967129738
2023-11-17 00:00:00-05:00,4509.5498046875,4520.1201171875,4499.66015625,4514.02001953125,3777240000,0.0,0.0,0.001281227937178997
2023-11-20 00:00:00-05:00,4511.7001953125,4557.10986328125,4510.35986328125,4547.3798828125,3644790000,0.0,0.0,0.007363103793794679
2023-11-21 00:00:00-05:00,4538.77001953125,4542.14013671875,4525.509765625,4538.18994140625,3511080000,0.0,0.0,-0.002022975931756932
2023-11-22 00:00:00-05:00,4553.0400390625,4568.43017578125,4545.0498046875,4556.6201171875,3042810000,0.0,0.0,0.004052905094313886
2023-11-24 00:00:00-05:00,4555.83984375,4560.31005859375,4552.7998046875,4559.33984375,1639500000,0.0,0.0,0.000596695609644371
2023-11-27 00:00:00-05:00,4554.85986328125,4560.52001953125,4546.31982421875,4550.43017578125,3403990000,0.0,0.0,-0.001956069316898734
2023-11-28 00:00:00-05:00,4545.5498046875,4568.14013671875,4540.509765625,4554.89013671875,3586240000,0.0,0.0,0.0009796385280509412
2023-11-29 00:00:00-05:00,4571.83984375,4587.64013671875,4547.14990234375,4550.580078125,4418760000,0.0,0.0,-0.0009466966151023826
2023-11-30 00:00:00-05:00,4554.8701171875,4569.89013671875,4537.240234375,4567.7998046875,5399300000,0.0,0.0,0.003776931264994232
2023-12-01 00:00:00-05:00,4559.43017578125,4599.39013671875,4554.7099609375,4594.6298828125,4397120000,0.0,0.0,0.0058565589538464025
2023-12-04 00:00:00-05:00,4564.3701171875,4572.3701171875,4546.72021484375,4569.77978515625,4369910000,0.0,0.0,-0.005423188063826245
2023-12-05 00:00:00-05:00,4557.25,4578.56005859375,4551.68017578125,4567.18017578125,3909950000,0.0,0.0,-0.0005690315939350654
2023-12-06 00:00:00-05:00,4586.22998046875,4590.740234375,4546.5,4549.33984375,4245680000,0.0,0.0,-0.003913851944943758
2023-12-07 00:00:00-05:00,4568.83984375,4590.919921875,4565.22021484375,4585.58984375,3818880000,0.0,0.0,0.007936610684822654
2023-12-08 00:00:00-05:00,4576.2001953125,4609.22998046875,4574.06005859375,4604.3701171875,3707010000,0.0,0.0,0.004087134146503857
2023-12-11 00:00:00-05:00,4593.39013671875,4623.7099609375,4593.39013671875,4622.43994140625,3823210000,0.0,0.0,0.003916813547780507
2023-12-12 00:00:00-05:00,4618.2998046875,4643.93017578125,4608.08984375,4643.7001953125,3808380000,0.0,0.0,0.004588812795692121
2023-12-13 00:00:00-05:00,4646.2001953125,4709.68994140625,4643.22998046875,4707.08984375,5063650000,0.0,0.0,0.013558345175020747
2023-12-14 00:00:00-05:00,4721.0400390625,4738.56982421875,4694.33984375,4719.5498046875,6314040000,0.0,0.0,0.0026435651851546282
2023-12-15 00:00:00-05:00,4714.22998046875,4725.52978515625,4704.68994140625,4719.18994140625,8218980000,0.0,0.0,-7.625240044895065e-05
2023-12-18 00:00:00-05:00,4725.580078125,4749.52001953125,4725.580078125,4740.56005859375,4060340000,0.0,0.0,0.004518122263400315
2023-12-19 00:00:00-05:00,4743.72021484375,4768.68994140625,4743.72021484375,4768.3701171875,4026970000,0.0,0.0,0.00584926745082015
2023-12-20 00:00:00-05:00,4764.72998046875,4778.009765625,4697.81982421875,4698.35009765625,4201320000,0.0,0.0,-0.01479314796530673
2023-12-21 00:00:00-05:00,4724.2900390625,4748.7099609375,4708.35009765625,4746.75,3431180000,0.0,0.0,0.01024876930727281
2023-12-22 00:00:00-05:00,4753.919921875,4772.93994140625,4736.77001953125,4754.6298828125,3046770000,0.0,0.0,0.0016586821527599938
2023-12-26 00:00:00-05:00,4758.85986328125,4784.72021484375,4758.4501953125,4774.75,2513910000,0.0,0.0,0.004222761046978718
2023-12-27 00:00:00-05:00,4773.4501953125,4785.39013671875,4768.89990234375,4781.580078125,2748450000,0.0,0.0,0.0014294356164228361
2023-12-28 00:00:00-05:00,4786.43994140625,4793.2998046875,4780.97998046875,4783.35009765625,2698860000,0.0,0.0,0.00037010611032783913
2023-12-29 00:00:00-05:00,4782.8798828125,4788.43017578125,4751.990234375,4769.830078125,3126060000,0.0,0.0,-0.002830477036734891
2024-01-02 00:00:00-05:00,4745.2001953125,4754.330078125,4722.669921875,4742.830078125,3743050000,0.0,0.0,-0.005676660799721844
2024-01-03 00:00:00-05:00,4725.06982421875,4729.2900390625,4699.7099609375,4704.81005859375,3950760000,0.0,0.0,-0.008048618327197943
2024-01-04 00:00:00-05:00,4697.419921875,4726.77978515625,4687.52978515625,4688.68017578125,3715480000,0.0,0.0,-0.0034342716633180004
2024-01-05 00:00:00-05:00,4690.56982421875,4721.490234375,4682.10986328125,4697.240234375,3844370000,0.0,0.0,0.0018240216394342923
2024-01-08 00:00:00-05:00,4703.7001953125,4764.5400390625,4699.81982421875,4763.5400390625,3742320000,0.0,0.0,0.01401594543635376
2024-01-09 00:00:00-05:00,4741.93017578125,4765.47021484375,4730.35009765625,4756.5,3529960000,0.0,0.0,-0.001478993852318311
2024-01-10 00:00:00-05:00,4759.93994140625,4790.7998046875,4756.2001953125,4783.4501953125,3498680000,0.0,0.0,0.005649980650495934
2024-01-11 00:00:00-05:00,4792.1298828125,4798.5,4739.580078125,4780.240234375,3759890000,0.0,0.0,-0.0006712808369613299
2024-01-12 00:00:00-05:00,4791.18017578125,4802.39990234375,4768.97998046875,4783.830078125,3486340000,0.0,0.0,0.0007506937530337154
2024-01-16 00:00:00-05:00,4772.35009765625,4782.33984375,4747.1201171875,4765.97998046875,4260550000,0.0,0.0,-0.0037383190523563314
2024-01-17 00:00:00-05:00,4739.1298828125,4744.22998046875,4714.81982421875,4739.2099609375,3928600000,0.0,0.0,-0.005632731271107971
2024-01-18 00:00:00-05:00,4760.10009765625,4785.7900390625,4740.56982421875,4780.93994140625,4019000000,0.0,0.0,0.008766720726242738
2024-01-19 00:00:00-05:00,4796.27978515625,4842.06982421875,4785.8701171875,4839.81005859375,4287200000,0.0,0.0,0.012238308232548789
2024-01-22 00:00:00-05:00,4853.419921875,4868.41015625,4844.0498046875,4850.43017578125,4297610000,0.0,0.0,0.002191921187231216
2024-01-23 00:00:00-05:00,4856.7998046875,4866.47998046875,4844.3701171875,4864.60009765625,3912800000,0.0,0.0,0.0029171153407645534
2024-01-24 00:00:00-05:00,4888.56005859375,4903.68017578125,4865.93994140625,4868.5498046875,4330030000,0.0,0.0,0.000811598976216743
2024-01-25 00:00:00-05:00,4886.66015625,4898.14990234375,4869.33984375,4894.16015625,4020430000,0.0,0.0,0.005246578134979529
2024-01-26 00:00:00-05:00,4888.91015625,4906.68994140625,4881.47021484375,4890.97021484375,3353400000,0.0,0.0,-0.0006519977554262368
2024-01-29 00:00:00-05:00,4892.9501953125,4929.31005859375,4887.39990234375,4927.93017578125,3525160000,0.0,0.0,0.007528365505246271
2024-01-30 00:00:00-05:00,4925.89013671875,4931.08984375,4916.27001953125,4924.97021484375,3836130000,0.0,0.0,-0.0006008303969800011
2024-01-31 00:00:00-05:00,4899.18994140625,4906.75,4845.14990234375,4845.64990234375,4696120000,0.0,0.0,-0.016236851740732305
2024-02-01 00:00:00-05:00,4861.10986328125,4906.97021484375,4853.52001953125,4906.18994140625,4386090000,0.0,0.0,0.012416286114049768
2024-02-02 00:00:00-05:00,4916.06005859375,4975.2900390625,4907.990234375,4958.60986328125,3974350000,0.0,0.0,0.01062777072263188
2024-02-05 00:00:00-05:00,4957.18994140625,4957.18994140625,4918.08984375,4942.81005859375,4023640000,0.0,0.0,-0.0031914247092839076
2024-02-06 00:00:00-05:00,4950.16015625,4957.77001953125,4934.8798828125,4954.22998046875,4440880000,0.0,0.0,0.0023077459317484283
2024-02-07 00:00:00-05:00,4973.0498046875,4999.89013671875,4969.0498046875,4995.06005859375,4895590000,0.0,0.0,0.008207682594008503
2024-02-08 00:00:00-05:00,4995.16015625,5000.39990234375,4987.08984375,4997.91015625,4341860000,0.0,0.0,0.0005704205400913764
2024-02-09 00:00:00-05:00,5004.169921875,5030.06005859375,5000.33984375,5026.60986328125,3912990000,0.0,0.0,0.005725917128794222
2024-02-12 00:00:00-05:00,5026.830078125,5048.39013671875,5016.830078125,5021.83984375,3805740000,0.0,0.0,-0.0009494041426520994
2024-02-13 00:00:00-05:00,4967.93994140625,4971.2998046875,4920.31005859375,4953.169921875,4302190000,0.0,0.0,-0.013768609419845035
2024-02-14 00:00:00-05:00,4976.43994140625,5002.52001953125,4956.4501953125,5000.6201171875,3845600000,0.0,0.0,0.009534168304217161
2024-02-15 00:00:00-05:00,5003.14013671875,5032.72021484375,4999.43994140625,5029.72998046875,4137970000,0.0,0.0,0.005804372674040437
2024-02-16 00:00:00-05:00,5031.1298828125,5038.7001953125,4999.52001953125,5005.56982421875,3833270000,0.0,0.0,-0.0048150435759612975
2024-02-20 00:00:00-05:00,4989.31982421875,4993.7099609375,4955.02001953125,4975.509765625,4034880000,0.0,0.0,-0.006023426465818105
2024-02-21 00:00:00-05:00,4963.02978515625,4983.2099609375,4946.0,4981.7998046875,3788390000,0.0,0.0,0.001263401495103622
2024-02-22 00:00:00-05:00,5038.830078125,5094.39013671875,5038.830078125,5087.02978515625,4051710000,0.0,0.0,0.020902888666403996
2024-02-23 00:00:00-05:00,5100.919921875,5111.06005859375,5081.4599609375,5088.7998046875,3672790000,0.0,0.0,0.0003478870265016809
2024-02-26 00:00:00-05:00,5093.0,5097.66015625,5068.91015625,5069.52978515625,3683930000,0.0,0.0,-0.0037939392446677545
2024-02-27 00:00:00-05:00,5074.60009765625,5080.68994140625,5057.2900390625,5078.18017578125,3925950000,0.0,0.0,0.0017048955387206632
2024-02-28 00:00:00-05:00,5067.2001953125,5077.3701171875,5058.35009765625,5069.759765625,3789370000,0.0,0.0,-0.0016595313211116292
2024-02-29 00:00:00-05:00,5085.35986328125,5104.990234375,5061.89013671875,5096.27001953125,5219740000,0.0,0.0,0.00521547045579851
2024-03-01 00:00:00-05:00,5098.509765625,5140.330078125,5094.16015625,5137.080078125,4748110000,0.0,0.0,0.007975936433387787
2024-03-04 00:00:00-05:00,5130.990234375,5149.669921875,5127.18017578125,5130.9501953125,4758440000,0.0,0.0,-0.0011939745749618424
2024-03-05 00:00:00-05:00,5110.52001953125,5114.5400390625,5056.81982421875,5078.64990234375,4418410000,0.0,0.0,-0.010245406275918967
2024-03-06 00:00:00-05:00,5108.02978515625,5127.97021484375,5092.22021484375,5104.759765625,4559050000,0.0,0.0,0.0051279328530018375
2024-03-07 00:00:00-05:00,5132.3798828125,5165.6201171875,5128.2099609375,5157.35986328125,4137980000,0.0,0.0,0.010251402284984223
2024-03-08 00:00:00-05:00,5164.4599609375,5189.259765625,5117.5,5123.68994140625,4208870000,0.0,0.0,-0.006549922992050483
2024-03-11 00:00:00-04:00,5111.9599609375,5124.66015625,5091.14013671875,5117.93994140625,3896430000,0.0,0.0,-0.001122868268028654
2024-03-12 00:00:00-04:00,5134.2998046875,5179.8701171875,5114.47998046875,5175.27001953125,4080510000,0.0,0.0,0.011139512586668232
2024-03-13 00:00:00-04:00,5173.490234375,5179.14013671875,5151.8798828125,5165.31005859375,4282890000,0.0,0.0,-0.0019263840021217504
2024-03-14 00:00:00-04:00,5175.14013671875,5176.85009765625,5123.2998046875,5150.47998046875,4687970000,0.0,0.0,-0.0028752210514948473
2024-03-15 00:00:00-04:00,5123.31005859375,5136.85986328125,5104.35009765625,5117.08984375,7753670000,0.0,0.0,-0.006504022859738612
2024-03-18 00:00:00-04:00,5154.77001953125,5175.60009765625,5145.47021484375,5149.419921875,4036220000,0.0,0.0,0.006298184238481497
2024-03-19 00:00:00-04:00,5139.08984375,5180.31005859375,5131.58984375,5178.509765625,4031760000,0.0,0.0,0.005633253044342368
2024-03-20 00:00:00-04:00,5181.68994140625,5226.18994140625,5171.5498046875,5224.6201171875,4064850000,0.0,0.0,0.008864765516360507
2024-03-21 00:00:00-04:00,5253.43017578125,5261.10009765625,5240.66015625,5241.52978515625,4207730000,0.0,0.0,0.003231309094529067
2024-03-22 00:00:00-04:00,5242.47998046875,5246.08984375,5229.8701171875,5234.18017578125,3374700000,0.0,0.0,-0.0014031718343261446
2024-03-25 00:00:00-04:00,5219.52001953125,5229.08984375,5216.08984375,5218.18994140625,3331360000,0.0,0.0,-0.0030596403820322138
2024-03-26 00:00:00-04:00,5228.85009765625,5235.16015625,5203.419921875,5203.580078125,3871790000,0.0,0.0,-0.0028037219828060955
2024-03-27 00:00:00-04:00,5226.31005859375,5249.259765625,5213.919921875,5248.490234375,3850500000,0.0,0.0,0.008593595582706115
2024-03-28 00:00:00-04:00,5248.02978515625,5264.85009765625,5245.81982421875,5254.35009765625,3998270000,0.0,0.0,0.0011158627007610278
2024-04-01 00:00:00-04:00,5257.97021484375,5263.9501953125,5229.2001953125,5243.77001953125,3325930000,0.0,0.0,-0.002015614526957421
2024-04-02 00:00:00-04:00,5204.2900390625,5208.33984375,5184.0498046875,5205.81005859375,3886590000,0.0,0.0,-0.007265388203672174
2024-04-03 00:00:00-04:00,5194.3701171875,5228.75,5194.3701171875,5211.490234375,3703250000,0.0,0.0,0.0010905275233383804
2024-04-04 00:00:00-04:00,5244.0498046875,5256.58984375,5146.06005859375,5147.2099609375,4075680000,0.0,0.0,-0.012411035619262378
2024-04-05 00:00:00-04:00,5158.9501953125,5222.18017578125,5157.2099609375,5204.33984375,3386780000,0.0,0.0,0.011038050135699251
2024-04-08 00:00:00-04:00,5211.3701171875,5219.56982421875,5197.35009765625,5202.39013671875,3278180000,0.0,0.0,-0.00037470119004190394
2024-04-09 00:00:00-04:00,5217.02978515625,5224.81005859375,5160.77978515625,5209.91015625,3400680000,0.0,0.0,0.0014444494736345348
2024-04-10 00:00:00-04:00,5167.8798828125,5178.43017578125,5138.7001953125,5160.64013671875,3845930000,0.0,0.0,-0.00950198183221218
2024-04-11 00:00:00-04:00,5172.9501953125,5211.77978515625,5138.77001953125,5199.06005859375,3509380000,0.0,0.0,0.007417221983342159
2024-04-12 00:00:00-04:00,5171.509765625,5175.02978515625,5107.93994140625,5123.41015625,3963220000,0.0,0.0,-0.014657587802247463
2024-04-15 00:00:00-04:00,5149.669921875,5168.43017578125,5052.47021484375,5061.81982421875,3950210000,0.0,0.0,-0.012094195787460293
2024-04-16 00:00:00-04:00,5064.58984375,5079.83984375,5039.830078125,5051.41015625,4006200000,0.0,0.0,-0.002058624527503383
2024-04-17 00:00:00-04:00,5068.97021484375,5077.9599609375,5007.25,5022.2099609375,3596130000,0.0,0.0,-0.005797375076005196
2024-04-18 00:00:00-04:00,5031.52001953125,5056.66015625,5001.89013671875,5011.1201171875,3619760000,0.0,0.0,-0.0022106017004848155
2024-04-19 00:00:00-04:00,5005.43994140625,5019.02001953125,4953.56005859375,4967.22998046875,3878750000,0.0,0.0,-0.00879712965405588
2024-04-22 00:00:00-04:00,4987.330078125,5038.83984375,4969.39990234375,5010.60009765625,3820250000,0.0,0.0,0.008693351156837892
2024-04-23 00:00:00-04:00,5028.85009765625,5076.1201171875,5027.9599609375,5070.5498046875,3751400000,0.0,0.0,0.011893566567723113
2024-04-24 00:00:00-04:00,5084.85986328125,5089.47998046875,5047.02001953125,5071.6298828125,3656740000,0.0,0.0,0.00021298737793173927
2024-04-25 00:00:00-04:00,5019.8798828125,5057.75,4990.580078125,5048.419921875,3958050000,0.0,0.0,-0.004586934270118803
2024-04-26 00:00:00-04:00,5084.64990234375,5114.6201171875,5073.14013671875,5099.9599609375,3604140000,0.0,0.0,0.010157381332325244
2024-04-29 00:00:00-04:00,5114.1298828125,5123.490234375,5088.64990234375,5116.169921875,3447450000,0.0,0.0,0.0031734080766394612
2024-04-30 00:00:00-04:00,5103.77978515625,5110.830078125,5035.31005859375,5035.68994140625,4082470000,0.0,0.0,-0.015855551118928446
2024-05-01 00:00:00-04:00,5029.02978515625,5096.1201171875,5013.4501953125,5018.39013671875,4544170000,0.0,0.0,-0.0034413534856305716
2024-05-02 00:00:00-04:00,5049.31982421875,5073.2099609375,5011.0498046875,5064.2001953125,4381660000,0.0,0.0,0.009087024725083381
2024-05-03 00:00:00-04:00,5122.77978515625,5139.1201171875,5101.22021484375,5127.7900390625,3924990000,0.0,0.0,0.012478557659509448
2024-05-06 00:00:00-04:00,5142.419921875,5181.0,5142.419921875,5180.740234375,3683250000,0.0,0.0,0.010273173691247806
2024-05-07 00:00:00-04:00,5187.2001953125,5200.22998046875,5178.9599609375,5187.7001953125,3987890000,0.0,0.0,0.0013425282288253015
2024-05-08 00:00:00-04:00,5168.97998046875,5191.9501953125,5165.85986328125,5187.669921875,3842100000,0.0,0.0,-5.835635194628708e-06
2024-05-09 00:00:00-04:00,5189.02978515625,5215.2998046875,5180.41015625,5214.080078125,3727370000,0.0,0.0,0.005078032639108443
2024-05-10 00:00:00-04:00,5225.490234375,5239.66015625,5209.68017578125,5222.68017578125,3617900000,0.0,0.0,0.0016480400801661688
2024-05-13 00:00:00-04:00,5233.080078125,5237.259765625,5211.16015625,5221.419921875,4255710000,0.0,0.0,-0.00024133317386620945
2024-05-14 00:00:00-04:00,5221.10009765625,5250.3701171875,5217.97998046875,5246.68017578125,4763580000,0.0,0.0,0.004826148527454777
2024-05-15 00:00:00-04:00,5263.259765625,5311.759765625,5263.259765625,5308.14990234375,4360810000,0.0,0.0,0.011647827787300002
2024-05-16 00:00:00-04:00,5310.06982421875,5325.490234375,5296.18994140625,5297.10009765625,3817470000,0.0,0.0,-0.002083837474089023
2024-05-17 00:00:00-04:00,5303.10009765625,5305.4501953125,5283.58984375,5303.27001953125,3578120000,0.0,0.0,0.0011640956878942177
2024-05-20 00:00:00-04:00,5305.35009765625,5325.31982421875,5302.39990234375,5308.1298828125,3420100000,0.0,0.0,0.0009159703084904436
2024-05-21 00:00:00-04:00,5298.68994140625,5324.31982421875,5297.8701171875,5321.41015625,3662240000,0.0,0.0,0.002498749766893127
2024-05-22 00:00:00-04:00,5319.27978515625,5323.18017578125,5286.009765625,5307.009765625,3847130000,0.0,0.0,-0.002709791209351664
2024-05-23 00:00:00-04:00,5340.259765625,5341.8798828125,5256.93017578125,5267.83984375,3869520000,0.0,0.0,-0.007408162283471853
2024-05-24 00:00:00-04:00,5281.4501953125,5311.64990234375,5278.39013671875,5304.72021484375,3005510000,0.0,0.0,0.006976649076673169
2024-05-28 00:00:00-04:00,5315.91015625,5315.91015625,5280.89013671875,5306.0400390625,3751540000,0.0,0.0,0.00024877090688590897
2024-05-29 00:00:00-04:00,5278.72998046875,5282.27001953125,5262.7001953125,5266.9501953125,3552750000,0.0,0.0,-0.007394317215743129
2024-05-30 00:00:00-04:00,5259.77001953125,5260.2099609375,5222.10009765625,5235.47998046875,3818750000,0.0,0.0,-0.0059929575357529075
2024-05-31 00:00:00-04:00,5243.2099609375,5280.330078125,5191.68017578125,5277.509765625,5437160000,0.0,0.0,0.007995824231928239
2024-06-03 00:00:00-04:00,5297.14990234375,5302.10986328125,5234.31982421875,5283.39990234375,4046920000,0.0,0.0,0.0011154602235343702
2024-06-04 00:00:00-04:00,5278.240234375,5298.7998046875,5257.6298828125,5291.33984375,3707900000,0.0,0.0,0.0015016810037842276
2024-06-05 00:00:00-04:00,5314.47998046875,5354.16015625,5297.64013671875,5354.02978515625,3591460000,0.0,0.0,0.011778015849955636
2024-06-06 00:00:00-04:00,5357.7998046875,5362.35009765625,5335.35986328125,5352.9599609375,3609990000,0.0,0.0,-0.0001998366016362496
2024-06-07 00:00:00-04:00,5343.81005859375,5375.080078125,5331.330078125,5346.990234375,3692760000,0.0,0.0,-0.0011158420502788147
2024-06-10 00:00:00-04:00,5341.22021484375,5365.7900390625,5331.52001953125,5360.7900390625,3622280000,0.0,0.0,0.002577529978241344
2024-06-11 00:00:00-04:00,5353.0,5375.9501953125,5327.25,5375.31982421875,3568030000,0.0,0.0,0.0027067148552095688
2024-06-12 00:00:00-04:00,5409.1298828125,5447.25,5409.1298828125,5421.02978515625,3962840000,0.0,0.0,0.008467720241887022
2024-06-13 00:00:00-04:00,5441.93017578125,5441.93017578125,5402.509765625,5433.740234375,3530380000,0.0,0.0,0.002341911437117261
2024-06-14 00:00:00-04:00,5424.080078125,5432.39013671875,5403.75,5431.60009765625,3438650000,0.0,0.0,-0.00039393828099854034
2024-06-17 00:00:00-04:00,5431.10986328125,5488.5,5420.39990234375,5473.22998046875,3447840000,0.0,0.0,0.007635164372320702
2024-06-18 00:00:00-04:00,5476.14990234375,5490.3798828125,5471.31982421875,5487.02978515625,3544330000,0.0,0.0,0.0025181541815175734
2024-06-20 00:00:00-04:00,5499.990234375,5505.52978515625,5455.56005859375,5473.169921875,3847060000,0.0,0.0,-0.002529127395412445
2024-06-21 00:00:00-04:00,5466.77001953125,5478.31005859375,5452.02978515625,5464.6201171875,6773800000,0.0,0.0,-0.0015633517188238244
2024-06-24 00:00:00-04:00,5459.580078125,5490.66015625,5447.58984375,5447.8701171875,3696750000,0.0,0.0,-0.003069879155868094
2024-06-25 00:00:00-04:00,5460.72998046875,5472.8798828125,5446.56005859375,5469.2998046875,3591960000,0.0,0.0,0.003925873679182956
2024-06-26 00:00:00-04:00,5460.7099609375,5483.14013671875,5451.8701171875,5477.89990234375,3563920000,0.0,0.0,0.0015711962247202393
2024-06-27 00:00:00-04:00,5473.58984375,5490.81005859375,5467.5400390625,5482.8701171875,3589530000,0.0,0.0,0.0009069098567984213
2024-06-28 00:00:00-04:00,5488.47998046875,5523.64013671875,5451.1201171875,5460.47998046875,7199220000,0.0,0.0,-0.004092013462368982
2024-07-01 00:00:00-04:00,5471.080078125,5479.5498046875,5446.52978515625,5475.08984375,3488760000,0.0,0.0,0.0026719909814296727
2024-07-02 00:00:00-04:00,5461.83984375,5509.68994140625,5458.43017578125,5509.009765625,3329950000,0.0,0.0,0.006176205771184939
2024-07-03 00:00:00-04:00,5507.43994140625,5539.27001953125,5507.419921875,5537.02001953125,2179470000,0.0,0.0,0.005071562269533203
2024-07-05 00:00:00-04:00,5537.91015625,5570.330078125,5531.6298828125,5567.18994140625,3253080000,0.0,0.0,0.0054339743609688185
2024-07-08 00:00:00-04:00,5572.75,5583.10986328125,5562.509765625,5572.85009765625,3185670000,0.0,0.0,0.0010161824764054472
2024-07-09 00:00:00-04:00,5584.240234375,5590.75,5574.56982421875,5576.97998046875,3232920000,0.0,0.0,0.0007407974780644366
2024-07-10 00:00:00-04:00,5591.259765625,5635.39013671875,5586.43994140625,5633.91015625,3336100000,0.0,0.0,0.010156314878106087
2024-07-11 00:00:00-04:00,5635.2099609375,5642.4501953125,5576.52978515625,5584.5400390625,4020950000,0.0,0.0,-0.008801649969266023
2024-07-12 00:00:00-04:00,5590.759765625,5655.56005859375,5590.43994140625,5615.35009765625,3700280000,0.0,0.0,0.00550186402496422
2024-07-15 00:00:00-04:00,5638.16015625,5666.93994140625,5614.75,5631.22021484375,3620470000,0.0,0.0,0.002822216423354007
2024-07-16 00:00:00-04:00,5644.08984375,5669.669921875,5639.02001953125,5667.2001953125,4041760000,0.0,0.0,0.0063690499714521565
2024-07-17 00:00:00-04:00,5610.06982421875,5622.490234375,5584.81005859375,5588.27001953125,4246450000,0.0,0.0,-0.014025441523644488
2024-07-18 00:00:00-04:00,5608.56005859375,5614.0498046875,5522.81005859375,5544.58984375,4007510000,0.0,0.0,-0.007847112145350721
2024-07-19 00:00:00-04:00,5543.3701171875,5557.5,5497.0400390625,5505.0,3760570000,0.0,0.0,-0.007165879226405991
2024-07-22 00:00:00-04:00,5544.5400390625,5570.35986328125,5529.0400390625,5564.41015625,3375180000,0.0,0.0,0.010734217246220368
2024-07-23 00:00:00-04:00,5565.2998046875,5585.33984375,5550.89990234375,5555.740234375,3500210000,0.0,0.0,-0.0015593176939461273
2024-07-24 00:00:00-04:00,5505.83984375,5508.0400390625,5419.97998046875,5427.1298828125,3945550000,0.0,0.0,-0.023421242222893213
2024-07-25 00:00:00-04:00,5428.7001953125,5491.58984375,5390.9501953125,5399.22021484375,4592120000,0.0,0.0,-0.005155889019716753
2024-07-26 00:00:00-04:00,5433.669921875,5488.31982421875,5430.7001953125,5459.10009765625,3638770000,0.0,0.0,0.01102942040957089
2024-07-29 00:00:00-04:00,5476.5498046875,5487.740234375,5444.43994140625,5463.5400390625,3379970000,0.0,0.0,0.0008129795718279098
2024-07-30 00:00:00-04:00,5478.72998046875,5489.4599609375,5401.7001953125,5436.43994140625,3777740000,0.0,0.0,-0.004972514361366365
2024-07-31 00:00:00-04:00,5505.58984375,5551.509765625,5493.75,5522.2998046875,4546910000,0.0,0.0,0.01566998070191694
2024-08-01 00:00:00-04:00,5537.83984375,5566.16015625,5410.419921875,5446.68017578125,4703620000,0.0,0.0,-0.013788123791989904
2024-08-02 00:00:00-04:00,5376.6298828125,5383.89013671875,5302.02978515625,5346.56005859375,5156450000,0.0,0.0,-0.018552906608553243
2024-08-05 00:00:00-04:00,5151.14013671875,5250.89013671875,5119.259765625,5186.330078125,5333250000,0.0,0.0,-0.03042704139239305
2024-08-06 00:00:00-04:00,5206.419921875,5312.33984375,5193.56005859375,5240.02978515625,4690190000,0.0,0.0,0.010300849493599884
2024-08-07 00:00:00-04:00,5293.1298828125,5330.64013671875,5195.5400390625,5199.5,4558260000,0.0,0.0,-0.007764715388770327
2024-08-08 00:00:00-04:00,5252.56982421875,5328.02978515625,5233.85009765625,5319.31005859375,4016830000,0.0,0.0,0.022781139590899002
2024-08-09 00:00:00-04:00,5314.66015625,5358.669921875,5300.83984375,5344.16015625,3516400000,0.0,0.0,0.004660798434381164
2024-08-12 00:00:00-04:00,5351.8798828125,5371.2001953125,5324.3701171875,5344.39013671875,3360160000,0.0,0.0,4.3033051721153015e-05
2024-08-13 00:00:00-04:00,5376.97998046875,5436.5,5376.97998046875,5434.43017578125,3648980000,0.0,0.0,0.016707233419049672
2024-08-14 00:00:00-04:00,5442.35986328125,5463.22021484375,5415.91015625,5455.2099609375,3380050000,0.0,0.0,0.003816436561198344
2024-08-15 00:00:00-04:00,5501.1298828125,5546.22998046875,5501.1298828125,5543.22021484375,3723310000,0.0,0.0,0.016004489931304988
2024-08-16 00:00:00-04:00,5530.5,5561.97998046875,5525.169921875,5554.25,3357690000,0.0,0.0,0.0019878023683954638
2024-08-19 00:00:00-04:00,5557.22998046875,5608.2998046875,5550.740234375,5608.25,3222050000,0.0,0.0,0.009675327436177383
2024-08-20 00:00:00-04:00,5602.8798828125,5620.509765625,5585.5,5597.1201171875,2994420000,0.0,0.0,-0.001986527237608726
2024-08-21 00:00:00-04:00,5603.08984375,5632.68017578125,5591.56982421875,5620.85009765625,3119670000,0.0,0.0,0.004230714721005668
2024-08-22 00:00:00-04:00,5637.77001953125,5643.22021484375,5560.9501953125,5570.64013671875,2981530000,0.0,0.0,-0.00897294225665668
2024-08-23 00:00:00-04:00,5602.490234375,5641.81982421875,5585.16015625,5634.60986328125,3291940000,0.0,0.0,0.011417937401663636
2024-08-26 00:00:00-04:00,5639.66015625,5651.6201171875,5602.33984375,5616.83984375,2938570000,0.0,0.0,-0.003158710169605783
2024-08-27 00:00:00-04:00,5602.89013671875,5631.18017578125,5593.47998046875,5625.7998046875,2798990000,0.0,0.0,0.0015939251127239373
2024-08-28 00:00:00-04:00,5624.509765625,5627.02978515625,5560.9501953125,5592.18017578125,3053450000,0.0,0.0,-0.005993900794734941
2024-08-29 00:00:00-04:00,5607.2998046875,5646.9501953125,5583.7099609375,5591.9599609375,3065640000,0.0,0.0,-3.937984343771461e-05
2024-08-30 00:00:00-04:00,5612.740234375,5651.3701171875,5581.7900390625,5648.39990234375,4185850000,0.0,0.0,0.01004245707914464
2024-09-03 00:00:00-04:00,5623.89013671875,5623.89013671875,5504.330078125,5528.93017578125,3866350000,0.0,0.0,-0.021377963372398057
2024-09-04 00:00:00-04:00,5506.68017578125,5552.990234375,5503.66015625,5520.06982421875,3478140000,0.0,0.0,-0.0016038290273812095
2024-09-05 00:00:00-04:00,5520.080078125,5546.2998046875,5480.5400390625,5503.41015625,3521650000,0.0,0.0,-0.0030225810146742305
2024-09-06 00:00:00-04:00,5507.330078125,5522.47021484375,5402.6201171875,5408.419921875,3822800000,0.0,0.0,-0.01741094450742331
2024-09-09 00:00:00-04:00,5442.06982421875,5484.2001953125,5434.490234375,5471.0498046875,3825940000,0.0,0.0,0.011513534435817263
2024-09-10 00:00:00-04:00,5490.509765625,5497.91015625,5441.72021484375,5495.52001953125,3848180000,0.0,0.0,0.004462699977795026
2024-09-11 00:00:00-04:00,5496.419921875,5560.41015625,5406.9599609375,5554.1298828125,3839450000,0.0,0.0,0.010608555649842089
2024-09-12 00:00:00-04:00,5557.47998046875,5600.7099609375,5535.5,5595.759765625,3655070000,0.0,0.0,0.007467352156803386
2024-09-13 00:00:00-04:00,5603.33984375,5636.27001953125,5601.64990234375,5626.02001953125,3500790000,0.0,0.0,0.005393142234355608
2024-09-16 00:00:00-04:00,5615.2099609375,5636.0498046875,5604.52978515625,5633.08984375,3437070000,0.0,0.0,0.0012558408673104537
2024-09-17 00:00:00-04:00,5655.509765625,5670.81005859375,5614.0498046875,5634.580078125,3443600000,0.0,0.0,0.0002645150938960228
2024-09-18 00:00:00-04:00,5641.68017578125,5689.75,5615.080078125,5618.259765625,3691390000,0.0,0.0,-0.0029006587083131308
2024-09-19 00:00:00-04:00,5702.6298828125,5733.56982421875,5686.419921875,5713.64013671875,4024530000,0.0,0.0,0.016834356892726277
2024-09-20 00:00:00-04:00,5709.64013671875,5715.14013671875,5674.490234375,5702.5498046875,7867260000,0.0,0.0,-0.0019429136300157523
2024-09-23 00:00:00-04:00,5711.89990234375,5725.35986328125,5704.22021484375,5718.56982421875,3529550000,0.0,0.0,0.0028053344257124024
2024-09-24 00:00:00-04:00,5727.66015625,5735.31982421875,5698.990234375,5732.93017578125,3872710000,0.0,0.0,0.0025080311033462976
2024-09-25 00:00:00-04:00,5733.64990234375,5741.02978515625,5712.06005859375,5722.259765625,3624910000,0.0,0.0,-0.0018629832062124763
2024-09-26 00:00:00-04:00,5762.22021484375,5767.3701171875,5721.009765625,5745.3701171875,4391180000,0.0,0.0,0.004030542158199424
2024-09-27 00:00:00-04:00,5755.35986328125,5763.77978515625,5727.33984375,5738.169921875,3898530000,0.0,0.0,-0.0012540029000724928
2024-09-30 00:00:00-04:00,5726.52001953125,5765.14013671875,5703.52978515625,5762.47998046875,4425730000,0.0,0.0,0.004227603658440771
2024-10-01 00:00:00-04:00,5757.72998046875,5757.72998046875,5681.27978515625,5708.75,4025180000,0.0,0.0,-0.009367848694454395
2024-10-02 00:00:00-04:00,5698.14013671875,5719.6298828125,5674.0,5709.5400390625,3829050000,0.0,0.0,0.00013838132698751338
2024-10-03 00:00:00-04:00,5698.18994140625,5718.77978515625,5677.3701171875,5699.93994140625,3597450000,0.0,0.0,-0.0016828286544594562
2024-10-04 00:00:00-04:00,5737.47998046875,5753.2099609375,5702.830078125,5751.06982421875,3479400000,0.0,0.0,0.008930255699185707
2024-10-07 00:00:00-04:00,5737.7998046875,5739.33984375,5686.85009765625,5695.93994140625,3637790000,0.0,0.0,-0.009632263829388421
2024-10-08 00:00:00-04:00,5719.14013671875,5757.60009765625,5714.56005859375,5751.1298828125,3393400000,0.0,0.0,0.009642706804694257
2024-10-09 00:00:00-04:00,5751.7998046875,5796.7998046875,5745.02001953125,5792.0400390625,3650340000,0.0,0.0,0.0070882310169952945
2024-10-10 00:00:00-04:00,5778.35986328125,5795.02978515625,5764.759765625,5780.0498046875,3208790000,0.0,0.0,-0.0020722685059819668
2024-10-11 00:00:00-04:00,5775.08984375,5822.1298828125,5775.08984375,5815.02978515625,3208720000,0.0,0.0,0.006033608707298299
2024-10-14 00:00:00-04:00,5829.81005859375,5871.41015625,5829.56982421875,5859.85009765625,3005250000,0.0,0.0,0.007678114574593664
2024-10-15 00:00:00-04:00,5866.740234375,5870.35986328125,5804.47998046875,5815.259765625,3882120000,0.0,0.0,-0.007638566037513783
2024-10-16 00:00:00-04:00,5816.580078125,5846.52001953125,5808.33984375,5842.47021484375,3467230000,0.0,0.0,0.004668232782780279
2024-10-17 00:00:00-04:00,5875.6201171875,5878.4599609375,5840.25,5841.47021484375,3480010000,0.0,0.0,-0.00017117512853737082
2024-10-18 00:00:00-04:00,5859.43017578125,5872.169921875,5846.10986328125,5864.669921875,3374490000,0.0,0.0,0.003963686942773492
2024-10-21 00:00:00-04:00,5857.81982421875,5866.919921875,5824.7900390625,5853.97998046875,3407010000,0.0,0.0,-0.0018244327564183038
2024-10-22 00:00:00-04:00,5832.7001953125,5863.0400390625,5821.169921875,5851.2001953125,3342080000,0.0,0.0,-0.00047496666719659686
2024-10-23 00:00:00-04:00,5834.5,5834.85009765625,5762.41015625,5797.419921875,3532650000,0.0,0.0,-0.009233824267679935
2024-10-24 00:00:00-04:00,5817.7998046875,5817.7998046875,5784.919921875,5809.85986328125,3543030000,0.0,0.0,0.002143473130557183
2024-10-25 00:00:00-04:00,5826.75,5862.81982421875,5799.97998046875,5808.1201171875,3501280000,0.0,0.0,-0.0002994920131857981
2024-10-28 00:00:00-04:00,5833.93017578125,5842.919921875,5823.080078125,5823.52001953125,3691280000,0.0,0.0,0.0026479346267329618
2024-10-29 00:00:00-04:00,5819.68017578125,5847.18994140625,5802.169921875,5832.919921875,3879100000,0.0,0.0,0.0016128259449015303
2024-10-30 00:00:00-04:00,5832.64990234375,5850.93994140625,5811.27978515625,5813.669921875,3851120000,0.0,0.0,-0.003305691672489175
2024-10-31 00:00:00-04:00,5775.33984375,5775.33984375,5702.85986328125,5705.4501953125,4425660000,0.0,0.0,-0.018790134928744706
2024-11-01 00:00:00-04:00,5723.22021484375,5772.52001953125,5723.22021484375,5728.7998046875,3796450000,0.0,0.0,0.004084158004525662
2024-11-04 00:00:00-05:00,5725.14990234375,5741.43017578125,5696.509765625,5712.68994140625,3602060000,0.0,0.0,-0.0028160448131906435
2024-11-05 00:00:00-05:00,5722.43017578125,5783.43994140625,5722.10009765625,5782.759765625,3768310000,0.0,0.0,0.012191031029562538
2024-11-06 00:00:00-05:00,5864.89013671875,5936.14013671875,5864.89013671875,5929.0400390625,6329530000,0.0,0.0,0.02498128095718677
2024-11-07 00:00:00-05:00,5947.2099609375,5983.83984375,5947.2099609375,5973.10009765625,4925740000,0.0,0.0,0.007403754173996191
2024-11-08 00:00:00-05:00,5976.759765625,6012.4501953125,5976.759765625,5995.5400390625,4666740000,0.0,0.0,0.003749794035718068
2024-11-11 00:00:00-05:00,6008.85986328125,6017.31005859375,5986.68994140625,6001.35009765625,4333000000,0.0,0.0,0.0009685941909562956
2024-11-12 00:00:00-05:00,6003.60009765625,6009.919921875,5960.080078125,5983.990234375,4243400000,0.0,0.0,-0.002896851476936746
2024-11-13 00:00:00-05:00,5985.75,6008.18994140625,5965.91015625,5985.3798828125,4220180000,0.0,0.0,0.0002322007641417656
2024-11-14 00:00:00-05:00,5989.68017578125,5993.8798828125,5942.27978515625,5949.169921875,4184570000,0.0,0.0,-0.006068108582244491
2024-11-15 00:00:00-05:00,5912.7900390625,5915.31982421875,5853.009765625,5870.6201171875,4590960000,0.0,0.0,-0.013291430866793519
2024-11-18 00:00:00-05:00,5874.169921875,5908.1201171875,5865.9501953125,5893.6201171875,3983860000,0.0,0.0,0.003910159746206787
2024-11-19 00:00:00-05:00,5870.0498046875,5923.509765625,5855.2900390625,5916.97998046875,4036940000,0.0,0.0,0.003955750520596268
2024-11-20 00:00:00-05:00,5914.33984375,5920.669921875,5860.56005859375,5917.10986328125,3772620000,0.0,0.0,2.195062133480974e-05
2024-11-21 00:00:00-05:00,5940.580078125,5963.31982421875,5887.259765625,5948.7099609375,4230120000,0.0,0.0,0.00532625184428781
2024-11-22 00:00:00-05:00,5944.35986328125,5972.89990234375,5944.35986328125,5969.33984375,4141420000,0.0,0.0,0.003461959591536612
2024-11-25 00:00:00-05:00,5992.27978515625,6020.75,5963.91015625,5987.3701171875,5633150000,0.0,0.0,0.003015927820126052
2024-11-26 00:00:00-05:00,6000.02978515625,6025.419921875,5992.27001953125,6021.6298828125,3835170000,0.0,0.0,0.005705697155262257
2024-11-27 00:00:00-05:00,6014.10986328125,6020.16015625,5984.8701171875,5998.740234375,3363340000,0.0,0.0,-0.003808481083577675
2024-11-29 00:00:00-05:00,6003.97998046875,6044.169921875,6003.97998046875,6032.3798828125,2444420000,0.0,0.0,0.005592120396801903
