contractSymbol,lastTradeDate,strike,lastPrice,bid,ask,change,percentChange,volume,openInterest,impliedVolatility,inTheMoney,contractSize,currency,maturity
XOM241108P00085000,2024-10-31 18:58:55+00:00,85.0,0.03,0.0,0.03,0.0,0.0,,2.0,2.5312536718749996,0.0,REGULAR,USD,2024-11-08
XOM241108P00090000,2024-10-31 19:26:40+00:00,90.0,0.02,0.0,0.07,0.0,0.0,,11.0,2.3593791015624994,0.0,REGULAR,USD,2024-11-08
XOM241108P00095000,2024-11-04 20:58:28+00:00,95.0,0.01,0.0,0.01,0.0,0.0,3.0,55.0,1.625001875,0.0,REGULAR,USD,2024-11-08
XOM241108P00100000,2024-11-07 14:35:02+00:00,100.0,0.01,0.0,0.01,0.0,0.0,10.0,343.0,1.3125034374999998,0.0,REGULAR,USD,2024-11-08
XOM241108P00101000,2024-11-07 18:51:01+00:00,101.0,0.02,0.0,0.01,0.0,0.0,5.0,101.0,1.2500037499999999,0.0,REGULAR,USD,2024-11-08
XOM241108P00102000,2024-11-04 17:40:07+00:00,102.0,0.02,0.0,0.01,0.0,0.0,2.0,24.0,1.1875040625,0.0,REGULAR,USD,2024-11-08
XOM241108P00103000,2024-11-05 17:59:39+00:00,103.0,0.01,0.0,0.01,0.0,0.0,102.0,163.0,1.125004375,0.0,REGULAR,USD,2024-11-08
XOM241108P00104000,2024-11-05 15:21:09+00:00,104.0,0.02,0.0,0.01,0.0,0.0,6.0,64.0,1.0625046875000002,0.0,REGULAR,USD,2024-11-08
XOM241108P00105000,2024-11-05 16:54:53+00:00,105.0,0.02,0.0,0.01,0.0,0.0,9.0,66.0,0.9687503125,0.0,REGULAR,USD,2024-11-08
XOM241108P00106000,2024-11-05 18:42:02+00:00,106.0,0.02,0.0,0.01,0.0,0.0,6.0,111.0,0.937500625,0.0,REGULAR,USD,2024-11-08
XOM241108P00107000,2024-11-07 16:12:21+00:00,107.0,0.01,0.0,0.01,0.0,0.0,45.0,392.0,0.87500125,0.0,REGULAR,USD,2024-11-08
XOM241108P00108000,2024-11-07 18:40:04+00:00,108.0,0.01,0.0,0.01,0.0,0.0,206.0,1036.0,0.8125018749999999,0.0,REGULAR,USD,2024-11-08
XOM241108P00109000,2024-11-08 17:05:15+00:00,109.0,0.01,0.0,0.01,0.0,0.0,3.0,201.0,0.7500025,0.0,REGULAR,USD,2024-11-08
XOM241108P00110000,2024-11-08 17:13:43+00:00,110.0,0.01,0.0,0.01,0.0,0.0,37.0,1525.0,0.6875031250000001,0.0,REGULAR,USD,2024-11-08
XOM241108P00111000,2024-11-08 15:16:15+00:00,111.0,0.01,0.0,0.01,-0.01,-50.0,5.0,189.0,0.6250037500000001,0.0,REGULAR,USD,2024-11-08
XOM241108P00112000,2024-11-08 17:11:13+00:00,112.0,0.01,0.0,0.01,-0.01,-50.0,2.0,754.0,0.5625043750000001,0.0,REGULAR,USD,2024-11-08
XOM241108P00113000,2024-11-08 20:28:29+00:00,113.0,0.01,0.0,0.01,0.0,0.0,105.0,5647.0,0.51562984375,0.0,REGULAR,USD,2024-11-08
XOM241108P00114000,2024-11-08 17:05:15+00:00,114.0,0.02,0.0,0.01,0.01,100.0,7.0,399.0,0.500005,0.0,REGULAR,USD,2024-11-08
XOM241108P00115000,2024-11-08 20:50:13+00:00,115.0,0.01,0.0,0.01,-0.02,-66.66667,34.0,657.0,0.42969320312500003,0.0,REGULAR,USD,2024-11-08
XOM241108P00116000,2024-11-08 19:19:16+00:00,116.0,0.01,0.0,0.01,-0.01,-50.0,55.0,917.0,0.367193828125,0.0,REGULAR,USD,2024-11-08
XOM241108P00117000,2024-11-08 18:32:18+00:00,117.0,0.01,0.0,0.01,-0.04,-80.00001,168.0,1058.0,0.304694453125,0.0,REGULAR,USD,2024-11-08
XOM241108P00118000,2024-11-08 19:17:28+00:00,118.0,0.01,0.0,0.01,-0.03,-75.0,94.0,988.0,0.23828886718749998,0.0,REGULAR,USD,2024-11-08
XOM241108P00119000,2024-11-08 18:43:36+00:00,119.0,0.01,0.0,0.01,-0.07,-87.5,1097.0,1777.0,0.17188328125000002,0.0,REGULAR,USD,2024-11-08
XOM241108P00120000,2024-11-08 20:13:25+00:00,120.0,0.01,0.0,0.01,-0.24,-96.0,1024.0,1141.0,0.10157148437499999,0.0,REGULAR,USD,2024-11-08
XOM241108P00121000,2024-11-08 20:59:12+00:00,121.0,0.02,0.01,0.03,-0.45,-95.74468,1728.0,404.0,0.028330029296875,0.0,REGULAR,USD,2024-11-08
XOM241108P00122000,2024-11-08 20:59:12+00:00,122.0,0.87,0.69,1.29,-0.27999997,-24.347824,113.0,283.0,0.3007882421875,1.0,REGULAR,USD,2024-11-08
XOM241108P00123000,2024-11-08 20:52:02+00:00,123.0,2.03,1.69,1.99,-0.48000002,-19.123507,66.0,207.0,0.25586681640625003,1.0,REGULAR,USD,2024-11-08
XOM241108P00124000,2024-11-08 15:12:12+00:00,124.0,3.9,2.47,3.35,1.3600001,53.543312,6.0,122.0,0.577152666015625,1.0,REGULAR,USD,2024-11-08
XOM241108P00125000,2024-11-08 20:30:49+00:00,125.0,3.8,3.65,4.05,-0.19000006,-4.761906,1.0,9.0,0.485356708984375,1.0,REGULAR,USD,2024-11-08
XOM241108P00126000,2024-11-08 18:04:16+00:00,126.0,5.2,4.45,5.25,-0.7000003,-11.864411,1.0,17.0,0.725588681640625,1.0,REGULAR,USD,2024-11-08
XOM241108P00127000,2024-11-05 15:32:12+00:00,127.0,7.95,5.55,6.4,0.0,0.0,1.0,0.0,0.5664105859375,1.0,REGULAR,USD,2024-11-08
XOM241108P00128000,2024-11-07 14:36:22+00:00,128.0,7.85,6.4,7.4,0.0,0.0,1.0,8.0,1.015629921875,1.0,REGULAR,USD,2024-11-08
XOM241108P00129000,2024-10-31 13:40:37+00:00,129.0,11.0,7.45,8.35,0.0,0.0,1.0,2.0,0.51562984375,1.0,REGULAR,USD,2024-11-08
XOM241108P00130000,2024-11-01 15:06:54+00:00,130.0,13.05,8.4,9.4,0.0,0.0,14.0,0.0,0.5625043750000001,1.0,REGULAR,USD,2024-11-08
XOM241108P00132000,2024-11-07 20:00:06+00:00,132.0,10.79,10.55,11.4,0.0,0.0,1.0,2.0,0.9101571484375,1.0,REGULAR,USD,2024-11-08
XOM241108P00133000,2024-10-16 15:21:59+00:00,133.0,12.21,11.4,12.4,0.0,0.0,1.0,0.0,0.7187528125,1.0,REGULAR,USD,2024-11-08
XOM241108P00135000,2024-11-07 20:00:06+00:00,135.0,13.76,13.45,14.35,0.0,0.0,1.0,3.0,0.8125018749999999,1.0,REGULAR,USD,2024-11-08
XOM241108P00140000,2024-10-21 15:09:29+00:00,140.0,20.05,18.4,19.4,0.0,0.0,,0.0,1.0625046875000002,1.0,REGULAR,USD,2024-11-08
XOM241108P00145000,2024-10-21 15:09:29+00:00,145.0,25.0,23.4,24.4,0.0,0.0,20.0,0.0,1.2812535937499998,1.0,REGULAR,USD,2024-11-08
XOM241108P00150000,2024-10-22 19:55:08+00:00,150.0,29.17,28.15,30.1,0.0,0.0,,0.0,2.281254296875,1.0,REGULAR,USD,2024-11-08
XOM241115P00080000,2024-11-07 14:34:56+00:00,80.0,0.05,0.0,0.05,0.0,0.0,1.0,147.0,1.0859420703125,0.0,REGULAR,USD,2024-11-15
XOM241115P00085000,2024-10-01 15:24:23+00:00,85.0,0.04,0.0,0.58,0.0,0.0,1.0,11.0,1.3339877050781246,0.0,REGULAR,USD,2024-11-15
XOM241115P00090000,2024-10-30 13:31:06+00:00,90.0,0.24,0.0,0.09,0.0,0.0,1.0,157.0,0.8632826171875,0.0,REGULAR,USD,2024-11-15
XOM241115P00095000,2024-11-07 15:32:39+00:00,95.0,0.03,0.0,0.04,0.0,0.0,5.0,732.0,0.6562534375000001,0.0,REGULAR,USD,2024-11-15
XOM241115P00100000,2024-11-08 20:45:12+00:00,100.0,0.02,0.01,0.02,-0.01,-33.333336,48.0,1800.0,0.507817421875,0.0,REGULAR,USD,2024-11-15
XOM241115P00105000,2024-11-08 20:34:48+00:00,105.0,0.02,0.01,0.08,-0.02,-50.0,29.0,21741.0,0.49414568359375005,0.0,REGULAR,USD,2024-11-15
XOM241115P00108000,2024-11-08 20:37:58+00:00,108.0,0.02,0.01,0.02,-0.04,-57.142857,15.0,355.0,0.335944140625,0.0,REGULAR,USD,2024-11-15
XOM241115P00109000,2024-11-08 20:10:48+00:00,109.0,0.04,0.01,0.08,-0.050000004,-55.555557,3.0,523.0,0.38281867187499996,0.0,REGULAR,USD,2024-11-15
XOM241115P00110000,2024-11-08 20:53:28+00:00,110.0,0.03,0.02,0.03,-0.049999997,-62.499996,73.0,5427.0,0.304694453125,0.0,REGULAR,USD,2024-11-15
XOM241115P00111000,2024-11-08 19:44:39+00:00,111.0,0.03,0.03,0.04,-0.049999997,-55.555553,19.0,426.0,0.2910227148437499,0.0,REGULAR,USD,2024-11-15
XOM241115P00112000,2024-11-08 20:36:19+00:00,112.0,0.04,0.03,0.1,-0.060000002,-60.0,61.0,403.0,0.31250687499999996,0.0,REGULAR,USD,2024-11-15
XOM241115P00113000,2024-11-08 20:01:26+00:00,113.0,0.06,0.04,0.06,-0.09,-59.999996,117.0,709.0,0.256843369140625,0.0,REGULAR,USD,2024-11-15
XOM241115P00114000,2024-11-08 19:52:51+00:00,114.0,0.09,0.06,0.08,-0.049999997,-41.666664,64.0,284.0,0.242195078125,0.0,REGULAR,USD,2024-11-15
XOM241115P00115000,2024-11-08 20:57:05+00:00,115.0,0.12,0.1,0.12,-0.080000006,-40.000004,5884.0,8961.0,0.233406103515625,0.0,REGULAR,USD,2024-11-15
XOM241115P00116000,2024-11-08 20:39:11+00:00,116.0,0.18,0.16,0.2,-0.07999998,-30.769224,229.0,710.0,0.2309647216796875,0.0,REGULAR,USD,2024-11-15
XOM241115P00117000,2024-11-08 20:42:10+00:00,117.0,0.31,0.27,0.31,-0.07999998,-19.999996,409.0,734.0,0.225593681640625,0.0,REGULAR,USD,2024-11-15
XOM241115P00118000,2024-11-08 20:51:22+00:00,118.0,0.48,0.44,0.49,-0.13000003,-21.31148,463.0,539.0,0.22412885253906245,0.0,REGULAR,USD,2024-11-15
XOM241115P00119000,2024-11-08 20:59:45+00:00,119.0,0.74,0.69,0.75,-0.110000014,-13.253014,444.0,2419.0,0.2238847143554687,0.0,REGULAR,USD,2024-11-15
XOM241115P00120000,2024-11-08 20:58:39+00:00,120.0,1.14,1.09,1.16,-0.18000007,-13.636369,591.0,4217.0,0.23267368896484375,0.0,REGULAR,USD,2024-11-15
XOM241115P00121000,2024-11-08 20:48:27+00:00,121.0,1.66,1.6,1.69,-0.19000006,-9.359608,178.0,155.0,0.24414818359375,0.0,REGULAR,USD,2024-11-15
XOM241115P00122000,2024-11-08 19:56:39+00:00,122.0,2.23,2.25,2.35,-0.22000003,-8.979593,69.0,95.0,0.260749580078125,1.0,REGULAR,USD,2024-11-15
XOM241115P00123000,2024-11-08 20:41:33+00:00,123.0,3.3,2.93,3.15,-1.05,-24.13793,74.0,134.0,0.28711650390624993,1.0,REGULAR,USD,2024-11-15
XOM241115P00124000,2024-11-08 19:49:34+00:00,124.0,3.95,3.15,4.05,-1.2,-23.300972,3.0,25.0,0.32129584960937496,1.0,REGULAR,USD,2024-11-15
XOM241115P00125000,2024-11-08 20:37:30+00:00,125.0,5.08,4.8,5.05,-0.52,-9.285714,89.0,1237.0,0.36694968994140625,1.0,REGULAR,USD,2024-11-15
XOM241115P00126000,2024-11-08 14:35:43+00:00,126.0,5.95,5.75,6.2,-0.8800001,-12.884336,1.0,7.0,0.43506424316406256,1.0,REGULAR,USD,2024-11-15
XOM241115P00127000,2024-10-28 19:44:49+00:00,127.0,9.1,6.65,7.5,0.0,0.0,11.0,12.0,0.5273484765625001,1.0,REGULAR,USD,2024-11-15
XOM241115P00129000,2024-11-01 16:00:10+00:00,129.0,12.95,8.7,9.5,0.0,0.0,36.0,35.0,0.5376022802734376,1.0,REGULAR,USD,2024-11-15
XOM241115P00130000,2024-11-07 15:12:17+00:00,130.0,10.8,9.3,10.35,0.0,0.0,1.0,214.0,0.5200243310546875,1.0,REGULAR,USD,2024-11-15
XOM241115P00131000,2024-11-01 14:28:13+00:00,131.0,14.45,10.65,11.5,0.0,0.0,3.0,3.0,0.6054726953125001,1.0,REGULAR,USD,2024-11-15
XOM241115P00135000,2024-11-01 18:13:52+00:00,135.0,19.9,14.6,15.45,0.0,0.0,42.0,200.0,0.7290066162109375,1.0,REGULAR,USD,2024-11-15
XOM241115P00140000,2024-11-07 18:55:44+00:00,140.0,19.85,19.6,20.5,0.0,0.0,1.0,59.0,0.8862316064453124,1.0,REGULAR,USD,2024-11-15
XOM241115P00145000,2024-10-21 13:32:41+00:00,145.0,24.59,24.4,25.3,0.0,0.0,5.0,58.0,0.971679970703125,1.0,REGULAR,USD,2024-11-15
XOM241115P00150000,2024-10-07 14:27:16+00:00,150.0,24.6,0.0,0.0,0.0,0.0,39.0,41.0,1.0000000000000003e-05,1.0,REGULAR,USD,2024-11-15
XOM241115P00155000,2024-10-07 18:48:01+00:00,155.0,29.9,33.75,34.7,0.0,0.0,10.0,10.0,0.965820654296875,1.0,REGULAR,USD,2024-11-15
XOM241122P00085000,2024-11-08 20:39:05+00:00,85.0,0.02,0.0,0.03,0.0,0.0,17.0,2.0,0.648441015625,0.0,REGULAR,USD,2024-11-22
XOM241122P00090000,2024-11-08 19:49:06+00:00,90.0,0.02,0.0,0.02,0.0,0.0,7.0,22.0,0.5312546875,0.0,REGULAR,USD,2024-11-22
XOM241122P00095000,2024-11-08 16:58:18+00:00,95.0,0.02,0.0,0.02,0.0,0.0,15.0,54.0,0.476567734375,0.0,REGULAR,USD,2024-11-22
XOM241122P00100000,2024-11-07 16:18:24+00:00,100.0,0.03,0.01,0.05,0.0,0.0,3.0,52.0,0.4335994140625,0.0,REGULAR,USD,2024-11-22
XOM241122P00105000,2024-11-08 16:26:56+00:00,105.0,0.06,0.02,0.07,-0.010000002,-14.285716,2.0,139.0,0.35352208984374994,0.0,REGULAR,USD,2024-11-22
XOM241122P00107000,2024-11-07 16:45:15+00:00,107.0,0.32,0.03,0.21,0.0,0.0,16.0,29.0,0.383795224609375,0.0,REGULAR,USD,2024-11-22
XOM241122P00108000,2024-11-08 20:38:06+00:00,108.0,0.08,0.05,0.09,-0.120000005,-60.0,1.0,73.0,0.30664755859375,0.0,REGULAR,USD,2024-11-22
XOM241122P00109000,2024-11-08 18:04:13+00:00,109.0,0.08,0.07,0.1,-0.020000003,-20.000002,2.0,107.0,0.2910227148437499,0.0,REGULAR,USD,2024-11-22
XOM241122P00110000,2024-11-08 20:52:33+00:00,110.0,0.09,0.07,0.11,-0.029999994,-24.999994,9.0,206.0,0.274421318359375,0.0,REGULAR,USD,2024-11-22
XOM241122P00111000,2024-11-06 16:46:30+00:00,111.0,0.16,0.07,0.15,-0.030000001,-15.789474,2.0,107.0,0.2700268310546875,0.0,REGULAR,USD,2024-11-22
XOM241122P00112000,2024-11-08 20:55:21+00:00,112.0,0.13,0.11,0.16,-0.08,-38.095238,56.0,280.0,0.25098405273437496,0.0,REGULAR,USD,2024-11-22
XOM241122P00113000,2024-11-08 20:40:14+00:00,113.0,0.19,0.16,0.2,-0.030000001,-13.043478,55.0,125.0,0.24073024902343748,0.0,REGULAR,USD,2024-11-22
XOM241122P00114000,2024-11-08 20:39:16+00:00,114.0,0.26,0.21,0.26,0.019999996,8.333331,34.0,103.0,0.23242955078125,0.0,REGULAR,USD,2024-11-22
XOM241122P00115000,2024-11-08 20:55:55+00:00,115.0,0.34,0.31,0.35,-0.03999999,-10.526314,30.0,268.0,0.2260819580078125,0.0,REGULAR,USD,2024-11-22
XOM241122P00116000,2024-11-08 20:51:26+00:00,116.0,0.47,0.43,0.47,-0.13000003,-21.66667,40.0,88.0,0.22022264160156246,0.0,REGULAR,USD,2024-11-22
XOM241122P00117000,2024-11-08 20:52:33+00:00,117.0,0.63,0.6,0.65,-0.06999999,-9.722221,51.0,158.0,0.21753712158203126,0.0,REGULAR,USD,2024-11-22
XOM241122P00118000,2024-11-08 20:55:55+00:00,118.0,0.89,0.83,0.9,-0.08000004,-8.247426,53.0,266.0,0.21704884521484374,0.0,REGULAR,USD,2024-11-22
XOM241122P00119000,2024-11-08 20:17:26+00:00,119.0,1.17,1.15,1.22,-0.18000007,-13.333339,20.0,95.0,0.2172929833984375,0.0,REGULAR,USD,2024-11-22
XOM241122P00120000,2024-11-08 19:47:25+00:00,120.0,1.62,1.55,1.63,0.049999952,3.1847103,82.0,455.0,0.21949022705078125,0.0,REGULAR,USD,2024-11-22
XOM241122P00121000,2024-11-08 20:33:54+00:00,121.0,2.15,2.06,2.14,-0.089999914,-4.0178533,72.0,119.0,0.22412885253906245,0.0,REGULAR,USD,2024-11-22
XOM241122P00122000,2024-11-07 20:18:47+00:00,122.0,2.58,2.65,2.75,0.0,0.0,19.0,86.0,0.23169713623046873,1.0,REGULAR,USD,2024-11-22
XOM241122P00123000,2024-11-08 20:35:02+00:00,123.0,3.53,3.35,3.45,0.23000002,6.9696975,14.0,42.0,0.24195093994140626,1.0,REGULAR,USD,2024-11-22
XOM241122P00124000,2024-11-07 20:07:06+00:00,124.0,4.6,4.1,4.25,0.5699997,14.143912,1.0,34.0,0.2572095764160156,1.0,REGULAR,USD,2024-11-22
XOM241122P00125000,2024-11-08 18:51:38+00:00,125.0,5.05,4.95,5.1,-3.0500002,-37.654324,10.0,25.0,0.2739330419921875,1.0,REGULAR,USD,2024-11-22
XOM241122P00126000,2024-11-06 20:50:07+00:00,126.0,5.8,5.05,6.4,0.0,0.0,1.0,37.0,0.3415593188476562,1.0,REGULAR,USD,2024-11-22
XOM241122P00127000,2024-11-06 19:07:50+00:00,127.0,6.42,6.45,7.4,0.0,0.0,11.0,18.0,0.37305314453125,1.0,REGULAR,USD,2024-11-22
XOM241122P00128000,2024-11-06 19:08:19+00:00,128.0,7.28,7.4,8.3,0.0,0.0,11.0,16.0,0.39063109375,1.0,REGULAR,USD,2024-11-22
XOM241122P00129000,2024-11-08 20:24:47+00:00,129.0,8.78,8.75,9.3,-2.4099998,-21.537086,1.0,1.0,0.41919526123046874,1.0,REGULAR,USD,2024-11-22
XOM241122P00130000,2024-10-30 17:16:37+00:00,130.0,13.73,9.7,10.35,0.0,0.0,1.0,2.0,0.45361874511718747,1.0,REGULAR,USD,2024-11-22
XOM241122P00131000,2024-11-08 20:24:47+00:00,131.0,10.67,9.8,11.3,-2.33,-17.923077,1.0,3.0,0.4738822143554688,1.0,REGULAR,USD,2024-11-22
XOM241122P00133000,2024-11-06 19:08:19+00:00,133.0,12.15,12.65,13.3,0.0,0.0,11.0,11.0,0.5256395092773438,1.0,REGULAR,USD,2024-11-22
XOM241122P00134000,2024-10-28 17:37:48+00:00,134.0,16.02,13.6,14.3,0.0,0.0,11.0,1.0,0.5505416040039064,1.0,REGULAR,USD,2024-11-22
XOM241122P00135000,2024-11-04 18:51:18+00:00,135.0,17.57,14.65,15.3,0.0,0.0,20.0,10.0,0.524418818359375,1.0,REGULAR,USD,2024-11-22
XOM241122P00140000,2024-10-21 19:30:57+00:00,140.0,20.15,19.65,20.3,0.0,0.0,10.0,3.0,0.6340368627929689,1.0,REGULAR,USD,2024-11-22
XOM241129P00095000,2024-11-07 15:03:31+00:00,95.0,0.02,0.0,0.02,0.0,0.0,5.0,16.0,0.39453730468750003,0.0,REGULAR,USD,2024-11-29
XOM241129P00100000,2024-11-08 17:16:37+00:00,100.0,0.04,0.01,0.23,0.02,100.0,8.0,29.0,0.459966337890625,0.0,REGULAR,USD,2024-11-29
XOM241129P00105000,2024-11-08 20:44:55+00:00,105.0,0.06,0.03,0.12,-0.02,-25.0,8.0,206.0,0.3193427441406249,0.0,REGULAR,USD,2024-11-29
XOM241129P00106000,2024-11-07 16:48:45+00:00,106.0,0.36,0.03,0.12,0.0,0.0,8.0,8.0,0.301764794921875,0.0,REGULAR,USD,2024-11-29
XOM241129P00107000,2024-11-08 16:33:26+00:00,107.0,0.12,0.03,0.12,-0.35,-74.46809,3.0,33.0,0.2841868457031249,0.0,REGULAR,USD,2024-11-29
XOM241129P00108000,2024-11-08 16:35:42+00:00,108.0,0.13,0.05,0.13,-0.09,-40.909092,1.0,87.0,0.270515107421875,0.0,REGULAR,USD,2024-11-29
XOM241129P00109000,2024-11-07 16:49:01+00:00,109.0,0.18,0.05,0.18,0.0,0.0,16.0,51.0,0.2695385546875,0.0,REGULAR,USD,2024-11-29
XOM241129P00110000,2024-11-08 17:06:36+00:00,110.0,0.16,0.1,0.17,-0.040000007,-20.000002,72.0,223.0,0.2475661181640625,0.0,REGULAR,USD,2024-11-29
XOM241129P00111000,2024-11-08 16:06:26+00:00,111.0,0.21,0.16,0.2,-0.02000001,-8.695656,5.0,136.0,0.23731231445312498,0.0,REGULAR,USD,2024-11-29
XOM241129P00112000,2024-11-08 20:29:58+00:00,112.0,0.22,0.21,0.24,-0.08000001,-26.666668,32.0,136.0,0.2280350634765625,0.0,REGULAR,USD,2024-11-29
XOM241129P00113000,2024-11-08 20:40:49+00:00,113.0,0.29,0.26,0.31,-0.030000001,-9.375,10.0,271.0,0.2224198852539062,0.0,REGULAR,USD,2024-11-29
XOM241129P00114000,2024-11-08 19:22:34+00:00,114.0,0.41,0.35,0.41,-0.20000002,-32.78689,4.0,186.0,0.21875781249999998,0.0,REGULAR,USD,2024-11-29
XOM241129P00115000,2024-11-08 20:28:59+00:00,115.0,0.47,0.48,0.53,-0.07000002,-12.962967,108.0,354.0,0.213875048828125,0.0,REGULAR,USD,2024-11-29
XOM241129P00116000,2024-11-08 16:53:29+00:00,116.0,0.83,0.63,0.7,-0.02000004,-2.3529458,30.0,126.0,0.21143366699218746,0.0,REGULAR,USD,2024-11-29
XOM241129P00117000,2024-11-08 20:28:51+00:00,117.0,0.87,0.84,0.91,-0.14999998,-14.705881,31.0,260.0,0.2087481469726562,0.0,REGULAR,USD,2024-11-29
XOM241129P00118000,2024-11-08 20:55:55+00:00,118.0,1.15,1.11,1.19,-0.05000007,-4.166672,63.0,160.0,0.20801573242187496,0.0,REGULAR,USD,2024-11-29
XOM241129P00119000,2024-11-08 19:26:09+00:00,119.0,1.54,1.44,1.53,0.029999971,1.9867531,15.0,92.0,0.20764952514648435,0.0,REGULAR,USD,2024-11-29
XOM241129P00120000,2024-11-08 18:27:44+00:00,120.0,2.08,1.85,1.93,-0.05000019,-2.3474267,36.0,143.0,0.20703917968749996,0.0,REGULAR,USD,2024-11-29
XOM241129P00121000,2024-11-08 20:32:26+00:00,121.0,2.44,2.35,2.45,-0.01999998,-0.81300735,6.0,64.0,0.21131159790039059,0.0,REGULAR,USD,2024-11-29
XOM241129P00122000,2024-11-08 20:26:39+00:00,122.0,2.95,2.91,3.05,0.08000016,2.7874622,44.0,20.0,0.21680470703125,1.0,REGULAR,USD,2024-11-29
XOM241129P00123000,2024-10-31 17:25:20+00:00,123.0,7.4,3.55,3.7,0.0,0.0,1.0,10.0,0.22168747070312497,1.0,REGULAR,USD,2024-11-29
XOM241129P00124000,2024-10-31 18:33:15+00:00,124.0,8.4,4.3,4.45,0.0,0.0,2.0,5.0,0.23072058349609376,1.0,REGULAR,USD,2024-11-29
XOM241129P00125000,2024-10-31 14:54:08+00:00,125.0,8.35,5.1,6.35,0.0,0.0,1.0,2.0,0.34168138793945313,1.0,REGULAR,USD,2024-11-29
XOM241129P00126000,2024-10-11 18:01:07+00:00,126.0,5.55,5.95,6.15,0.0,0.0,,7.0,0.2573316455078125,1.0,REGULAR,USD,2024-11-29
XOM241129P00127000,2024-10-14 19:31:20+00:00,127.0,6.15,6.85,7.35,0.0,0.0,2.0,8.0,0.30298548583984375,1.0,REGULAR,USD,2024-11-29
XOM241129P00130000,2024-10-10 17:42:16+00:00,130.0,8.49,9.7,10.35,0.0,0.0,,1.0,0.3745179736328125,1.0,REGULAR,USD,2024-11-29
XOM241206P00095000,2024-11-04 18:14:30+00:00,95.0,0.08,0.0,0.75,0.0,0.0,26.0,37.0,0.5376022802734376,0.0,REGULAR,USD,2024-12-06
XOM241206P00100000,2024-11-08 16:02:53+00:00,100.0,0.06,0.02,0.05,-0.030000005,-33.333336,66.0,113.0,0.31250687499999996,0.0,REGULAR,USD,2024-12-06
XOM241206P00105000,2024-11-06 17:25:26+00:00,105.0,0.16,0.04,0.38,0.0,0.0,7.0,251.0,0.3530338134765625,0.0,REGULAR,USD,2024-12-06
XOM241206P00106000,2024-11-07 19:56:11+00:00,106.0,0.13,0.04,0.15,0.0,0.0,32.0,17.0,0.2739330419921875,0.0,REGULAR,USD,2024-12-06
XOM241206P00108000,2024-11-08 19:05:04+00:00,108.0,0.17,0.14,0.34,-0.08,-32.0,5.0,49.0,0.28955788574218744,0.0,REGULAR,USD,2024-12-06
XOM241206P00109000,2024-11-07 18:53:52+00:00,109.0,0.25,0.16,0.21,0.0,0.0,3.0,5.0,0.24268335449218748,0.0,REGULAR,USD,2024-12-06
XOM241206P00110000,2024-11-08 15:39:11+00:00,110.0,0.23,0.2,0.26,-0.019999996,-7.999998,14.0,49.0,0.23731231445312498,0.0,REGULAR,USD,2024-12-06
XOM241206P00111000,2024-11-07 17:50:12+00:00,111.0,0.39,0.27,0.3,0.0,0.0,2.0,26.0,0.2280350634765625,0.0,REGULAR,USD,2024-12-06
XOM241206P00112000,2024-11-07 15:41:38+00:00,112.0,0.53,0.34,0.39,0.029999971,5.9999943,3.0,26.0,0.225593681640625,0.0,REGULAR,USD,2024-12-06
XOM241206P00113000,2024-11-08 15:26:52+00:00,113.0,0.6,0.43,0.49,0.110000014,22.448982,3.0,17.0,0.22144333251953124,0.0,REGULAR,USD,2024-12-06
XOM241206P00114000,2024-11-08 16:36:23+00:00,114.0,0.6,0.55,0.62,-0.099999964,-14.285709,16.0,261.0,0.2180253979492187,0.0,REGULAR,USD,2024-12-06
XOM241206P00115000,2024-11-08 20:13:36+00:00,115.0,0.72,0.71,0.77,-0.01999998,-2.7027001,23.0,88.0,0.213875048828125,0.0,REGULAR,USD,2024-12-06
XOM241206P00116000,2024-11-08 18:39:49+00:00,116.0,1.0,0.9,0.99,0.0,0.0,142.0,726.0,0.2133867724609375,0.0,REGULAR,USD,2024-12-06
XOM241206P00117000,2024-11-08 16:13:41+00:00,117.0,1.37,1.14,1.22,0.110000014,8.730161,28.0,98.0,0.20996883789062498,0.0,REGULAR,USD,2024-12-06
XOM241206P00118000,2024-11-08 19:36:29+00:00,118.0,1.47,1.43,1.52,-0.16999996,-10.303028,9.0,240.0,0.2087481469726562,0.0,REGULAR,USD,2024-12-06
XOM241206P00119000,2024-11-08 15:33:49+00:00,119.0,2.2,1.77,1.88,0.45000005,25.714289,15.0,95.0,0.2082598706054687,0.0,REGULAR,USD,2024-12-06
XOM241206P00120000,2024-11-08 20:43:16+00:00,120.0,2.32,2.02,2.3,-0.17000008,-6.6929164,36.0,32.0,0.20813780151367184,0.0,REGULAR,USD,2024-12-06
XOM241206P00122000,2024-11-07 19:04:42+00:00,122.0,3.4,3.2,3.35,0.0,0.0,66.0,70.0,0.21094539062499998,1.0,REGULAR,USD,2024-12-06
XOM241206P00125000,2024-10-30 17:16:24+00:00,125.0,9.15,5.3,5.5,0.0,0.0,,2.0,0.23023230712890624,1.0,REGULAR,USD,2024-12-06
XOM241206P00135000,2024-11-07 20:00:06+00:00,135.0,14.57,14.6,15.3,0.0,0.0,1.0,3.0,0.41358008300781246,1.0,REGULAR,USD,2024-12-06
XOM241213P00105000,2024-11-08 20:09:18+00:00,105.0,0.16,0.15,0.45,-0.07000001,-30.434786,3.0,26.0,0.33008482421874996,0.0,REGULAR,USD,2024-12-13
XOM241213P00109000,2024-11-06 16:59:48+00:00,109.0,0.42,0.26,0.32,0.0,0.0,1.0,23.0,0.24024197265624997,0.0,REGULAR,USD,2024-12-13
XOM241213P00110000,2024-11-08 18:26:59+00:00,110.0,0.39,0.32,0.38,-0.120000005,-23.529411,2.0,29.0,0.23438265625,0.0,REGULAR,USD,2024-12-13
XOM241213P00111000,2024-11-07 14:41:33+00:00,111.0,0.64,0.4,0.57,0.0,0.0,1.0,10.0,0.24463645996093752,0.0,REGULAR,USD,2024-12-13
XOM241213P00112000,2024-11-08 19:54:19+00:00,112.0,0.51,0.31,0.67,-0.050000012,-8.928573,3.0,15.0,0.2387771435546875,0.0,REGULAR,USD,2024-12-13
XOM241213P00113000,2024-11-08 20:47:25+00:00,113.0,0.69,0.62,0.69,-0.23000002,-25.000002,6.0,9.0,0.2224198852539062,0.0,REGULAR,USD,2024-12-13
XOM241213P00114000,2024-11-08 19:54:19+00:00,114.0,0.76,0.74,0.83,-0.030000031,-3.7974722,18.0,9.0,0.21778125976562498,0.0,REGULAR,USD,2024-12-13
XOM241213P00115000,2024-11-08 20:35:07+00:00,115.0,1.02,0.93,1.02,-0.33000004,-24.444447,6.0,21.0,0.21546194702148438,0.0,REGULAR,USD,2024-12-13
XOM241213P00117000,2024-11-08 20:20:34+00:00,117.0,1.45,1.38,1.57,0.0,0.0,3.0,42.0,0.2157060852050781,0.0,REGULAR,USD,2024-12-13
XOM241213P00118000,2024-11-08 17:17:14+00:00,118.0,2.12,1.63,1.86,0.13999987,7.0707,16.0,43.0,0.21204401245117185,0.0,REGULAR,USD,2024-12-13
XOM241213P00120000,2024-11-08 20:31:31+00:00,120.0,2.67,2.35,2.65,-0.07999992,-2.9090881,20.0,41.0,0.21021297607421874,0.0,REGULAR,USD,2024-12-13
XOM241213P00125000,2024-11-01 19:50:35+00:00,125.0,11.14,5.55,5.7,0.0,0.0,1.0,1.0,0.2211991943359375,1.0,REGULAR,USD,2024-12-13
XOM241220P00050000,2024-05-20 17:42:56+00:00,50.0,0.03,0.0,0.14,0.0,0.0,1.0,13.0,1.0625046875000002,0.0,REGULAR,USD,2024-12-20
XOM241220P00055000,2024-03-05 14:39:52+00:00,55.0,0.11,0.0,0.15,0.0,0.0,6.0,12.0,0.96289099609375,0.0,REGULAR,USD,2024-12-20
XOM241220P00060000,2024-11-01 14:34:35+00:00,60.0,0.01,0.01,0.02,0.0,0.0,2.0,366.0,0.726565234375,0.0,REGULAR,USD,2024-12-20
XOM241220P00065000,2024-11-08 16:25:35+00:00,65.0,0.02,0.0,0.23,-0.06,-75.0,1.0,25.0,0.8183611914062499,0.0,REGULAR,USD,2024-12-20
XOM241220P00070000,2024-10-23 13:48:59+00:00,70.0,0.02,0.0,0.33,0.0,0.0,1.0,138.0,0.7675804492187501,0.0,REGULAR,USD,2024-12-20
XOM241220P00075000,2024-11-07 15:39:39+00:00,75.0,0.02,0.01,0.03,-0.01,-33.333336,2.0,418.0,0.523442265625,0.0,REGULAR,USD,2024-12-20
XOM241220P00080000,2024-11-04 17:19:39+00:00,80.0,0.04,0.01,0.07,0.0,0.0,46.0,585.0,0.5312546875,0.0,REGULAR,USD,2024-12-20
XOM241220P00085000,2024-11-06 18:06:45+00:00,85.0,0.03,0.0,0.4,0.0,0.0,3.0,809.0,0.5390671093750001,0.0,REGULAR,USD,2024-12-20
XOM241220P00090000,2024-11-08 19:44:25+00:00,90.0,0.05,0.05,0.12,0.0,0.0,1.0,2479.0,0.42676354492187507,0.0,REGULAR,USD,2024-12-20
XOM241220P00095000,2024-11-08 20:58:18+00:00,95.0,0.07,0.07,0.1,-0.009999998,-12.499997,19.0,3341.0,0.348639326171875,0.0,REGULAR,USD,2024-12-20
XOM241220P00100000,2024-11-08 17:56:49+00:00,100.0,0.12,0.11,0.14,0.0,0.0,45.0,9794.0,0.3007882421875,0.0,REGULAR,USD,2024-12-20
XOM241220P00105000,2024-11-08 20:45:51+00:00,105.0,0.2,0.2,0.26,-0.08999999,-31.034481,53.0,6198.0,0.2661206201171875,0.0,REGULAR,USD,2024-12-20
XOM241220P00110000,2024-11-08 20:37:41+00:00,110.0,0.47,0.47,0.49,-0.109999985,-18.032784,2771.0,15390.0,0.22974403076171873,0.0,REGULAR,USD,2024-12-20
XOM241220P00115000,2024-11-08 20:59:00+00:00,115.0,1.21,1.17,1.22,-0.049999952,-3.9682503,159.0,12791.0,0.2133867724609375,0.0,REGULAR,USD,2024-12-20
XOM241220P00120000,2024-11-08 20:53:50+00:00,120.0,2.9,2.77,2.89,0.0,0.0,1206.0,3611.0,0.20703917968749996,0.0,REGULAR,USD,2024-12-20
XOM241220P00125000,2024-11-08 20:59:12+00:00,125.0,5.8,5.7,5.9,0.10000038,1.7543927,22.0,1429.0,0.21546194702148438,1.0,REGULAR,USD,2024-12-20
XOM241220P00130000,2024-11-07 20:12:48+00:00,130.0,9.68,9.5,10.5,0.0,0.0,4.0,225.0,0.2795482202148437,1.0,REGULAR,USD,2024-12-20
XOM241220P00135000,2024-11-01 19:49:41+00:00,135.0,20.65,14.65,15.3,0.0,0.0,6.0,10.0,0.33960621337890623,1.0,REGULAR,USD,2024-12-20
XOM241220P00140000,2024-11-08 15:28:31+00:00,140.0,20.65,19.65,20.3,-0.14999962,-0.72115207,51.0,7.0,0.40735455932617193,1.0,REGULAR,USD,2024-12-20
XOM241220P00145000,2024-10-11 13:38:59+00:00,145.0,22.6,24.35,25.3,0.0,0.0,,4.0,0.46924358886718753,1.0,REGULAR,USD,2024-12-20
XOM241220P00150000,2024-08-02 15:05:35+00:00,150.0,34.15,30.65,32.55,0.0,0.0,1.0,0.0,0.6512486047363282,1.0,REGULAR,USD,2024-12-20
XOM241220P00155000,2024-05-22 17:36:33+00:00,155.0,39.1,42.0,46.0,0.0,0.0,2.0,0.0,1.2443885437011715,1.0,REGULAR,USD,2024-12-20
XOM241220P00160000,2024-05-15 19:50:14+00:00,160.0,41.86,50.25,51.6,0.0,0.0,,0.0,1.4350614184570314,1.0,REGULAR,USD,2024-12-20
XOM241220P00165000,2024-04-03 13:32:26+00:00,165.0,44.05,0.0,0.0,0.0,0.0,1.0,0.0,1.0000000000000003e-05,1.0,REGULAR,USD,2024-12-20
XOM241220P00170000,2024-04-02 15:02:49+00:00,170.0,51.25,53.55,54.45,0.0,0.0,,0.0,1.0773971911621096,1.0,REGULAR,USD,2024-12-20
PXD241220P00180000,2024-04-26 16:42:47+00:00,180.0,0.85,0.0,0.0,0.0,0.0,3.0,3.0,1.0000000000000003e-05,1.0,REGULAR,USD,2024-12-20
PXD241220P00270000,2024-05-01 18:42:39+00:00,270.0,19.3,0.0,0.0,0.0,0.0,3.0,2.0,1.0000000000000003e-05,1.0,REGULAR,USD,2024-12-20
XOM250117P00042500,2024-10-10 19:25:13+00:00,42.5,0.05,0.0,0.05,0.0,0.0,2.0,653.0,0.867188828125,False,REGULAR,USD,2025-01-17
XOM250117P00045000,2024-11-06 17:44:42+00:00,45.0,0.02,0.0,0.02,0.0,0.0,5.0,2196.0,0.7500025,False,REGULAR,USD,2025-01-17
XOM250117P00047500,2024-11-01 14:36:36+00:00,47.5,0.01,0.01,0.13,0.0,0.0,2.0,278.0,0.8710950390625,False,REGULAR,USD,2025-01-17
XOM250117P00050000,2024-11-06 18:31:50+00:00,50.0,0.01,0.0,0.09,0.0,0.0,201.0,378.0,0.7851583984375,False,REGULAR,USD,2025-01-17
XOM250117P00055000,2024-09-10 19:06:00+00:00,55.0,0.04,0.0,0.12,0.0,0.0,13.0,1480.0,0.7304714453125,False,REGULAR,USD,2025-01-17
XOM250117P00060000,2024-10-04 14:37:35+00:00,60.0,0.03,0.0,0.54,0.0,0.0,1.0,1856.0,0.805666005859375,False,REGULAR,USD,2025-01-17
XOM250117P00065000,2024-10-18 14:47:18+00:00,65.0,0.04,0.0,0.08,0.0,0.0,15.0,2345.0,0.5585981640625001,False,REGULAR,USD,2025-01-17
XOM250117P00070000,2024-10-24 18:44:04+00:00,70.0,0.05,0.01,0.25,0.0,0.0,1.0,2609.0,0.577152666015625,False,REGULAR,USD,2025-01-17
XOM250117P00075000,2024-10-30 16:59:42+00:00,75.0,0.07,0.01,0.15,0.0,0.0,7.0,2654.0,0.5224657128906249,False,REGULAR,USD,2025-01-17
XOM250117P00077500,2024-10-25 13:53:33+00:00,77.5,0.08,0.01,0.15,0.0,0.0,3.0,1710.0,0.49121602539062503,False,REGULAR,USD,2025-01-17
XOM250117P00080000,2024-10-31 18:56:42+00:00,80.0,0.15,0.02,0.17,0.0,0.0,100.0,15355.0,0.4687553125,False,REGULAR,USD,2025-01-17
XOM250117P00082500,2024-11-07 19:50:27+00:00,82.5,0.06,0.0,0.2,0.0,0.0,1.0,2775.0,0.450200810546875,False,REGULAR,USD,2025-01-17
XOM250117P00085000,2024-11-07 18:08:54+00:00,85.0,0.06,0.03,0.19,0.0,0.0,10.0,11154.0,0.41602146484374997,False,REGULAR,USD,2025-01-17
XOM250117P00087500,2024-11-05 15:16:43+00:00,87.5,0.13,0.05,0.1,0.0,0.0,2.0,2572.0,0.34961587890624996,False,REGULAR,USD,2025-01-17
XOM250117P00090000,2024-11-08 20:52:39+00:00,90.0,0.14,0.1,0.14,0.049999997,55.55555,701.0,4780.0,0.3398503515625,False,REGULAR,USD,2025-01-17
XOM250117P00092500,2024-11-08 15:23:36+00:00,92.5,0.12,0.06,0.23,0.0,0.0,3.0,2538.0,0.340826904296875,False,REGULAR,USD,2025-01-17
XOM250117P00095000,2024-11-06 19:54:51+00:00,95.0,0.16,0.13,0.2,0.0,0.0,33.0,8299.0,0.3042061767578125,False,REGULAR,USD,2025-01-17
XOM250117P00097500,2024-11-08 17:45:15+00:00,97.5,0.2,0.16,0.25,0.010000005,5.2631607,3.0,5970.0,0.2885813330078124,False,REGULAR,USD,2025-01-17
XOM250117P00100000,2024-11-08 20:56:05+00:00,100.0,0.25,0.22,0.26,-0.00999999,-3.8461504,1626.0,15943.0,0.26270268554687504,False,REGULAR,USD,2025-01-17
PXD250117P00105000,2024-04-09 14:11:32+00:00,105.0,0.05,0.0,0.0,0.0,0.0,2.0,100.0,0.062509375,False,REGULAR,USD,2025-01-17
XOM250117P00110000,2024-11-08 20:59:25+00:00,110.0,0.94,0.91,0.95,-0.04000002,-4.0816345,331.0,15998.0,0.22022264160156246,False,REGULAR,USD,2025-01-17
XOM250117P00115000,2024-11-08 20:44:20+00:00,115.0,1.95,1.86,1.93,0.060000062,3.1746066,513.0,13725.0,0.20789366333007808,False,REGULAR,USD,2025-01-17
XOM250117P00120000,2024-11-08 20:57:34+00:00,120.0,3.65,3.55,3.7,0.05000019,1.3888942,287.0,13806.0,0.19959296508789062,False,REGULAR,USD,2025-01-17
XOM250117P00125000,2024-11-08 20:45:28+00:00,125.0,6.65,6.35,6.5,0.20000029,3.1007798,58.0,5134.0,0.19763985961914063,True,REGULAR,USD,2025-01-17
XOM250117P00130000,2024-11-08 16:51:54+00:00,130.0,11.0,10.2,11.9,0.9499998,9.452735,4.0,764.0,0.2951730639648437,True,REGULAR,USD,2025-01-17
XOM250117P00135000,2024-11-08 19:24:31+00:00,135.0,15.01,14.8,15.35,-3.289999,-17.978138,1.0,119.0,0.26782958740234375,True,REGULAR,USD,2025-01-17
PXD250117P00140000,2024-04-15 18:25:37+00:00,140.0,0.2,0.0,0.0,0.0,0.0,4.0,57.0,1.0000000000000003e-05,True,REGULAR,USD,2025-01-17
XOM250117P00145000,2024-10-08 14:42:54+00:00,145.0,23.05,0.0,0.0,0.0,0.0,1.0,89.0,1.0000000000000003e-05,True,REGULAR,USD,2025-01-17
XOM250117P00150000,2024-10-17 16:30:36+00:00,150.0,30.3,28.4,31.2,0.0,0.0,1.0,7.0,0.47937532348632805,True,REGULAR,USD,2025-01-17
XOM250117P00155000,2024-08-22 19:43:17+00:00,155.0,40.06,38.5,40.45,0.0,0.0,2.0,0.0,0.7302273071289063,True,REGULAR,USD,2025-01-17
XOM250117P00160000,2024-08-15 19:44:30+00:00,160.0,40.94,47.45,50.4,0.0,0.0,2.0,0.0,1.0168506188964845,True,REGULAR,USD,2025-01-17
XOM250117P00165000,2024-08-15 19:44:30+00:00,165.0,45.96,53.25,55.2,0.0,0.0,10.0,0.0,1.0813034216308592,True,REGULAR,USD,2025-01-17
XOM250117P00170000,2024-09-12 19:40:47+00:00,170.0,59.17,44.45,48.4,0.0,0.0,1.0,1.0,1.0000000000000003e-05,True,REGULAR,USD,2025-01-17
PXD250117P00175000,2024-04-08 13:30:16+00:00,175.0,2.75,0.0,0.0,0.0,0.0,4.0,442.0,1.0000000000000003e-05,True,REGULAR,USD,2025-01-17
XOM250117P00180000,2024-04-12 18:20:26+00:00,180.0,58.96,61.4,64.4,0.0,0.0,1.0,1.0,0.8449722534179687,True,REGULAR,USD,2025-01-17
PXD250117P00195000,2024-05-01 14:23:45+00:00,195.0,1.8,0.0,0.0,0.0,0.0,4.0,876.0,1.0000000000000003e-05,True,REGULAR,USD,2025-01-17
PXD250117P00200000,2024-05-01 16:18:44+00:00,200.0,2.5,0.0,0.0,0.0,0.0,5.0,2162.0,1.0000000000000003e-05,True,REGULAR,USD,2025-01-17
PXD250117P00205000,2024-04-17 17:33:04+00:00,205.0,4.0,0.0,0.0,0.0,0.0,2.0,51.0,1.0000000000000003e-05,True,REGULAR,USD,2025-01-17
PXD250117P00210000,2024-04-18 19:11:00+00:00,210.0,3.8,0.0,0.0,0.0,0.0,2.0,387.0,1.0000000000000003e-05,True,REGULAR,USD,2025-01-17
PXD250117P00215000,2024-05-01 16:36:04+00:00,215.0,4.3,0.0,0.0,0.0,0.0,25.0,302.0,1.0000000000000003e-05,True,REGULAR,USD,2025-01-17
PXD250117P00220000,2024-04-26 18:11:51+00:00,220.0,4.5,0.0,0.0,0.0,0.0,1.0,767.0,1.0000000000000003e-05,True,REGULAR,USD,2025-01-17
PXD250117P00225000,2024-04-05 17:46:52+00:00,225.0,5.8,0.0,0.0,0.0,0.0,1.0,67.0,1.0000000000000003e-05,True,REGULAR,USD,2025-01-17
PXD250117P00230000,2024-04-26 16:35:25+00:00,230.0,6.4,0.0,0.0,0.0,0.0,5.0,224.0,1.0000000000000003e-05,True,REGULAR,USD,2025-01-17
PXD250117P00245000,2024-05-02 13:56:59+00:00,245.0,8.8,0.0,0.0,0.0,0.0,1.0,208.0,1.0000000000000003e-05,True,REGULAR,USD,2025-01-17
PXD250117P00260000,2024-04-11 18:42:11+00:00,260.0,14.78,0.0,0.0,0.0,0.0,2.0,109.0,1.0000000000000003e-05,True,REGULAR,USD,2025-01-17
PXD250117P00270000,2024-04-29 17:38:41+00:00,270.0,18.0,0.0,0.0,0.0,0.0,1.0,33.0,1.0000000000000003e-05,True,REGULAR,USD,2025-01-17
PXD250117P00275000,2024-04-25 18:31:06+00:00,275.0,18.06,0.0,0.0,0.0,0.0,3.0,10.0,1.0000000000000003e-05,True,REGULAR,USD,2025-01-17
XOM250221P00065000,2024-09-30 16:06:39+00:00,65.0,0.07,0.0,1.28,0.0,0.0,,200.0,0.6909210595703126,False,REGULAR,USD,2025-02-21
XOM250221P00080000,2024-10-21 16:46:50+00:00,80.0,0.1,0.02,0.21,0.0,0.0,2.0,43.0,0.3969786865234375,False,REGULAR,USD,2025-02-21
XOM250221P00085000,2024-10-28 13:37:11+00:00,85.0,0.28,0.05,0.22,0.0,0.0,2.0,92.0,0.3491276025390625,False,REGULAR,USD,2025-02-21
XOM250221P00090000,2024-11-05 16:48:10+00:00,90.0,0.35,0.09,0.34,0.0,0.0,1.0,80.0,0.32569033691406246,False,REGULAR,USD,2025-02-21
XOM250221P00095000,2024-11-08 16:18:11+00:00,95.0,0.37,0.18,0.4,-0.07999998,-17.777775,5.0,211.0,0.28516339843749994,False,REGULAR,USD,2025-02-21
XOM250221P00100000,2024-11-08 19:26:42+00:00,100.0,0.58,0.54,0.59,-0.04000002,-6.451616,16.0,957.0,0.25830819824218754,False,REGULAR,USD,2025-02-21
XOM250221P00105000,2024-11-08 20:56:05+00:00,105.0,1.0,0.99,1.02,-0.22000003,-18.03279,127.0,1148.0,0.242195078125,False,REGULAR,USD,2025-02-21
XOM250221P00110000,2024-11-08 19:31:24+00:00,110.0,1.82,1.74,1.81,-0.049999952,-2.6737943,68.0,4128.0,0.2310867907714844,False,REGULAR,USD,2025-02-21
XOM250221P00115000,2024-11-08 20:59:43+00:00,115.0,3.05,2.97,3.1,-0.08000016,-2.5559156,25.0,1286.0,0.22229781616210934,False,REGULAR,USD,2025-02-21
XOM250221P00120000,2024-11-08 20:09:10+00:00,120.0,4.93,4.85,5.0,-0.03000021,-0.60484296,105.0,2032.0,0.21381401428222657,False,REGULAR,USD,2025-02-21
XOM250221P00125000,2024-11-08 18:10:45+00:00,125.0,7.85,7.55,7.7,-0.4500003,-5.4216905,7.0,420.0,0.20960263061523435,True,REGULAR,USD,2025-02-21
XOM250221P00130000,2024-11-08 19:51:54+00:00,130.0,10.9,11.0,11.2,-1.3500004,-11.020411,1.0,159.0,0.2108233215332031,True,REGULAR,USD,2025-02-21
XOM250221P00135000,2024-10-16 14:45:18+00:00,135.0,15.5,15.15,15.35,0.0,0.0,1.0,4.0,0.2192460888671875,True,REGULAR,USD,2025-02-21
XOM250221P00140000,2024-10-31 14:38:10+00:00,140.0,22.8,19.55,20.25,0.0,0.0,16.0,15.0,0.2564771618652344,True,REGULAR,USD,2025-02-21
XOM250221P00145000,2024-10-08 14:06:17+00:00,145.0,23.35,0.0,0.0,0.0,0.0,3.0,3.0,1.0000000000000003e-05,True,REGULAR,USD,2025-02-21
XOM250321P00060000,2024-10-29 17:45:05+00:00,60.0,0.03,0.0,0.15,0.0,0.0,104.0,108.0,0.5371140039062501,False,REGULAR,USD,2025-03-21
XOM250321P00065000,2024-09-11 13:34:06+00:00,65.0,0.19,0.0,0.0,0.0,0.0,4.0,66.0,0.2500075,False,REGULAR,USD,2025-03-21
XOM250321P00070000,2024-11-07 20:47:48+00:00,70.0,0.05,0.0,0.1,0.0,0.0,1.0,498.0,0.405279384765625,False,REGULAR,USD,2025-03-21
XOM250321P00075000,2024-11-08 16:34:09+00:00,75.0,0.1,0.02,0.25,-0.050000004,-33.333336,1.0,146.0,0.41260353027343744,False,REGULAR,USD,2025-03-21
XOM250321P00080000,2024-11-08 17:49:51+00:00,80.0,0.12,0.04,0.27,-0.04,-25.0,3.0,4198.0,0.36865865722656255,False,REGULAR,USD,2025-03-21
XOM250321P00085000,2024-11-08 17:50:20+00:00,85.0,0.19,0.08,0.25,-0.09,-32.142857,1.0,345.0,0.317389638671875,False,REGULAR,USD,2025-03-21
XOM250321P00090000,2024-11-08 20:58:18+00:00,90.0,0.33,0.3,0.33,0.02000001,6.451616,7.0,977.0,0.28784891845703114,False,REGULAR,USD,2025-03-21
XOM250321P00095000,2024-11-08 18:43:11+00:00,95.0,0.5,0.46,0.51,-0.07999998,-13.7931,32.0,1754.0,0.26758544921875,False,REGULAR,USD,2025-03-21
XOM250321P00100000,2024-11-08 19:55:45+00:00,100.0,0.81,0.72,0.85,-0.060000002,-6.8965516,41.0,3473.0,0.2528150891113281,False,REGULAR,USD,2025-03-21
XOM250321P00105000,2024-11-08 20:56:41+00:00,105.0,1.42,1.31,1.41,0.00999999,0.7092192,16.0,5880.0,0.23987576538085933,False,REGULAR,USD,2025-03-21
XOM250321P00110000,2024-11-08 20:45:38+00:00,110.0,2.33,2.19,2.31,0.0,0.0,103.0,3095.0,0.22901161621093752,False,REGULAR,USD,2025-03-21
XOM250321P00115000,2024-11-08 20:30:59+00:00,115.0,3.65,3.55,3.65,-0.099999905,-2.6666641,214.0,2912.0,0.21875781249999998,False,REGULAR,USD,2025-03-21
XOM250321P00120000,2024-11-08 20:47:28+00:00,120.0,5.75,5.45,5.65,0.19999981,3.6036,49.0,4517.0,0.2125933233642578,False,REGULAR,USD,2025-03-21
XOM250321P00125000,2024-11-08 19:57:51+00:00,125.0,8.13,8.15,8.3,-0.019999504,-0.2453927,53.0,517.0,0.20734435241699217,True,REGULAR,USD,2025-03-21
XOM250321P00130000,2024-11-06 20:05:02+00:00,130.0,11.3,11.5,11.65,0.0,0.0,2.0,536.0,0.20533021240234373,True,REGULAR,USD,2025-03-21
XOM250321P00135000,2024-11-07 14:49:43+00:00,135.0,16.3,15.25,16.5,0.0,0.0,1.0,47.0,0.24701680725097658,True,REGULAR,USD,2025-03-21
XOM250321P00140000,2024-10-15 14:25:54+00:00,140.0,20.6,19.55,20.45,0.0,0.0,1.0,1.0,0.23889921264648437,True,REGULAR,USD,2025-03-21
XOM250321P00145000,2024-10-08 14:43:12+00:00,145.0,23.55,0.0,0.0,0.0,0.0,,9.0,1.0000000000000003e-05,True,REGULAR,USD,2025-03-21
XOM250417P00060000,2024-10-03 18:11:31+00:00,60.0,0.03,0.0,0.28,0.0,0.0,1.0,2.0,0.5380905566406251,False,REGULAR,USD,2025-04-17
XOM250417P00065000,2024-08-28 13:32:45+00:00,65.0,0.1,0.0,0.0,0.0,0.0,1.0,1.0,0.2500075,False,REGULAR,USD,2025-04-17
XOM250417P00075000,2024-09-03 13:31:38+00:00,75.0,0.42,0.0,0.0,0.0,0.0,,0.0,0.12500875,False,REGULAR,USD,2025-04-17
XOM250417P00080000,2024-09-13 15:05:35+00:00,80.0,0.6,0.07,0.92,0.0,0.0,,118.0,0.4309138940429688,False,REGULAR,USD,2025-04-17
XOM250417P00085000,2024-11-06 20:26:18+00:00,85.0,0.11,0.11,0.42,0.0,0.0,3.0,111.0,0.31909860595703116,False,REGULAR,USD,2025-04-17
XOM250417P00090000,2024-10-31 15:27:32+00:00,90.0,0.74,0.23,0.53,0.0,0.0,1.0,64.0,0.28955788574218744,False,REGULAR,USD,2025-04-17
XOM250417P00095000,2024-11-08 18:16:52+00:00,95.0,0.67,0.62,0.66,-0.36999995,-35.57692,7.0,655.0,0.25928475097656256,False,REGULAR,USD,2025-04-17
XOM250417P00100000,2024-11-07 18:10:46+00:00,100.0,1.13,1.03,1.09,0.0,0.0,69.0,1122.0,0.24768818725585937,False,REGULAR,USD,2025-04-17
XOM250417P00105000,2024-11-07 18:58:05+00:00,105.0,1.72,1.44,1.75,-0.06999993,-3.910611,1.0,1229.0,0.23670196899414062,False,REGULAR,USD,2025-04-17
XOM250417P00110000,2024-11-08 19:32:12+00:00,110.0,2.69,2.59,2.72,-0.06999993,-2.5362294,33.0,2758.0,0.22571575073242187,False,REGULAR,USD,2025-04-17
XOM250417P00115000,2024-11-08 18:45:33+00:00,115.0,4.07,3.95,4.15,-0.029999733,-0.73170084,24.0,633.0,0.21674367248535154,False,REGULAR,USD,2025-04-17
XOM250417P00120000,2024-11-08 19:20:59+00:00,120.0,6.15,5.95,6.1,0.0,0.0,46.0,1230.0,0.20813780151367184,False,REGULAR,USD,2025-04-17
XOM250417P00125000,2024-11-08 19:15:00+00:00,125.0,8.75,8.55,8.9,0.029999733,0.34403363,29.0,462.0,0.20819883605957026,True,REGULAR,USD,2025-04-17
XOM250417P00130000,2024-11-08 18:21:23+00:00,130.0,12.15,11.85,12.0,-3.4000006,-21.864956,31.0,10.0,0.19959296508789062,True,REGULAR,USD,2025-04-17
XOM250417P00135000,2024-10-25 16:01:08+00:00,135.0,17.25,15.6,17.75,0.0,0.0,2.0,129.0,0.2714306256103516,True,REGULAR,USD,2025-04-17
XOM250417P00140000,2024-10-29 14:31:12+00:00,140.0,22.25,19.15,20.2,0.0,0.0,4.0,42.0,0.20569641967773436,True,REGULAR,USD,2025-04-17
XOM250417P00150000,2024-10-09 17:31:19+00:00,150.0,28.3,28.85,31.0,0.0,0.0,30.0,33.0,0.3089668713378906,True,REGULAR,USD,2025-04-17
XOM250620P00050000,2024-11-08 19:20:11+00:00,50.0,0.05,0.0,0.25,-0.09,-64.28571,2.0,177.0,0.500005,False,REGULAR,USD,2025-06-20
XOM250620P00055000,2024-09-05 14:01:53+00:00,55.0,0.15,0.05,0.27,0.0,0.0,1.0,165.0,0.5029346582031251,False,REGULAR,USD,2025-06-20
XOM250620P00060000,2024-10-18 16:46:48+00:00,60.0,0.13,0.02,1.32,0.0,0.0,10.0,440.0,0.5319871020507813,False,REGULAR,USD,2025-06-20
XOM250620P00065000,2024-10-14 17:20:01+00:00,65.0,0.13,0.06,0.3,0.0,0.0,10.0,141.0,0.41309180664062495,False,REGULAR,USD,2025-06-20
XOM250620P00070000,2024-11-01 14:41:31+00:00,70.0,0.22,0.06,0.15,0.0,0.0,1.0,252.0,0.331061376953125,False,REGULAR,USD,2025-06-20
XOM250620P00075000,2024-11-08 17:52:43+00:00,75.0,0.22,0.09,0.24,-0.09,-29.032257,1.0,533.0,0.3161689477539062,False,REGULAR,USD,2025-06-20
XOM250620P00080000,2024-11-06 18:16:40+00:00,80.0,0.37,0.22,0.68,0.0,0.0,12.0,3728.0,0.3403386279296875,False,REGULAR,USD,2025-06-20
XOM250620P00085000,2024-11-05 20:46:58+00:00,85.0,0.66,0.34,0.65,0.0,0.0,40.0,2204.0,0.295905478515625,False,REGULAR,USD,2025-06-20
XOM250620P00090000,2024-11-06 18:41:54+00:00,90.0,0.8,0.72,0.78,0.0,0.0,2.0,1566.0,0.26782958740234375,False,REGULAR,USD,2025-06-20
XOM250620P00095000,2024-11-08 19:50:02+00:00,95.0,1.14,1.13,1.18,-0.060000062,-4.5801573,15.0,3267.0,0.2557447473144532,False,REGULAR,USD,2025-06-20
XOM250620P00100000,2024-11-08 18:46:50+00:00,100.0,1.73,1.7,1.76,-0.00999999,-0.5747121,18.0,6884.0,0.24439232177734377,False,REGULAR,USD,2025-06-20
XOM250620P00105000,2024-11-08 19:47:47+00:00,105.0,2.57,2.52,2.6,-0.03999996,-1.5325656,475.0,10383.0,0.2345657598876953,False,REGULAR,USD,2025-06-20
XOM250620P00110000,2024-11-08 19:49:27+00:00,110.0,3.75,3.65,3.8,0.0,0.0,17.0,5767.0,0.2266312689208984,False,REGULAR,USD,2025-06-20
XOM250620P00115000,2024-11-08 19:50:40+00:00,115.0,5.25,5.2,5.35,-0.1500001,-2.7777796,18.0,3748.0,0.21778125976562498,False,REGULAR,USD,2025-06-20
XOM250620P00120000,2024-11-08 19:47:35+00:00,120.0,7.3,7.25,7.4,-0.099999905,-1.3513501,7.0,2633.0,0.21070125244140625,False,REGULAR,USD,2025-06-20
XOM250620P00125000,2024-11-08 19:51:55+00:00,125.0,9.7,9.8,10.2,-0.6000004,-5.8252463,1.0,4884.0,0.21070125244140625,True,REGULAR,USD,2025-06-20
XOM250620P00130000,2024-11-01 17:53:09+00:00,130.0,17.0,12.9,13.6,0.0,0.0,100.0,891.0,0.21454642883300779,True,REGULAR,USD,2025-06-20
XOM250620P00135000,2024-11-05 19:20:07+00:00,135.0,19.1,15.9,16.7,0.0,0.0,1.0,225.0,0.19715158325195312,True,REGULAR,USD,2025-06-20
XOM250620P00140000,2024-11-01 19:59:01+00:00,140.0,25.9,19.8,20.75,0.0,0.0,1.0,31.0,0.196297099609375,True,REGULAR,USD,2025-06-20
XOM250620P00145000,2024-09-10 13:43:37+00:00,145.0,31.6,23.0,23.35,0.0,0.0,1.0,16.0,1.0000000000000003e-05,True,REGULAR,USD,2025-06-20
XOM250620P00150000,2024-04-12 13:42:24+00:00,150.0,28.15,30.6,35.45,0.0,0.0,34.0,30.0,0.41107766662597656,True,REGULAR,USD,2025-06-20
XOM250620P00155000,2023-05-10 14:27:05+00:00,155.0,48.35,45.8,49.7,0.0,0.0,,1.0,0.6475254974365234,True,REGULAR,USD,2025-06-20
XOM250620P00160000,2023-05-11 19:50:38+00:00,160.0,55.58,51.25,54.75,0.0,0.0,4.0,0.0,0.6845124322509766,True,REGULAR,USD,2025-06-20
XOM250620P00165000,2024-05-22 17:41:43+00:00,165.0,49.1,51.5,56.5,0.0,0.0,3.0,0.0,0.6010782080078126,True,REGULAR,USD,2025-06-20
XOM250620P00170000,2024-10-18 19:39:51+00:00,170.0,50.2,48.95,51.15,0.0,0.0,3.0,3.0,0.36035795898437495,True,REGULAR,USD,2025-06-20
XOM250620P00175000,2024-05-30 14:00:36+00:00,175.0,59.5,57.5,62.5,0.0,0.0,2.0,0.0,0.5280808911132813,True,REGULAR,USD,2025-06-20
XOM250620P00180000,2024-05-15 19:50:14+00:00,180.0,62.02,68.5,73.5,0.0,0.0,,0.0,0.7337062762451172,True,REGULAR,USD,2025-06-20
XOM250620P00185000,2024-10-16 14:08:26+00:00,185.0,64.0,63.15,66.05,0.0,0.0,,1.0,0.41358008300781246,True,REGULAR,USD,2025-06-20
PXD250620P00220000,2024-04-24 13:46:36+00:00,220.0,7.5,0.0,0.0,0.0,0.0,,1.0,1.0000000000000003e-05,True,REGULAR,USD,2025-06-20
PXD250620P00250000,2024-04-17 16:24:08+00:00,250.0,18.0,0.0,0.0,0.0,0.0,2.0,2.0,1.0000000000000003e-05,True,REGULAR,USD,2025-06-20
PXD250620P00260000,2024-05-01 18:42:39+00:00,260.0,20.0,0.0,0.0,0.0,0.0,1.0,2.0,1.0000000000000003e-05,True,REGULAR,USD,2025-06-20
PXD250620P00280000,2024-05-01 16:41:50+00:00,280.0,31.0,0.0,0.0,0.0,0.0,2.0,0.0,1.0000000000000003e-05,True,REGULAR,USD,2025-06-20
XOM250815P00075000,2024-09-17 19:35:48+00:00,75.0,0.71,0.15,1.66,0.0,0.0,1.0,101.0,0.42578699218750005,False,REGULAR,USD,2025-08-15
XOM250815P00080000,2024-11-08 16:16:14+00:00,80.0,0.56,0.27,1.03,-0.88000005,-61.111115,1.0,113.0,0.33521172607421873,False,REGULAR,USD,2025-08-15
XOM250815P00085000,2024-11-01 13:34:52+00:00,85.0,0.95,0.72,1.5,0.0,0.0,1.0,26.0,0.3263006823730469,False,REGULAR,USD,2025-08-15
XOM250815P00090000,2024-11-07 20:04:22+00:00,90.0,1.12,1.05,1.19,0.0,0.0,5.0,64.0,0.2672192419433594,False,REGULAR,USD,2025-08-15
XOM250815P00095000,2024-10-21 14:38:03+00:00,95.0,1.87,1.52,1.72,0.0,0.0,8.0,105.0,0.25659923095703124,False,REGULAR,USD,2025-08-15
XOM250815P00100000,2024-11-08 15:06:20+00:00,100.0,2.44,2.23,2.43,0.09000015,3.829794,17.0,1248.0,0.24597921997070313,False,REGULAR,USD,2025-08-15
XOM250815P00105000,2024-11-08 15:38:49+00:00,105.0,3.45,3.2,4.35,-0.049999952,-1.42857,54.0,718.0,0.26636475830078127,False,REGULAR,USD,2025-08-15
XOM250815P00110000,2024-11-08 20:29:08+00:00,110.0,4.5,4.5,4.7,0.0,0.0,165.0,1175.0,0.22827920166015625,False,REGULAR,USD,2025-08-15
XOM250815P00115000,2024-11-08 20:04:23+00:00,115.0,6.14,6.15,6.65,0.03999996,0.6557371,251.0,1449.0,0.2277604080200195,False,REGULAR,USD,2025-08-15
XOM250815P00120000,2024-11-08 15:40:20+00:00,120.0,8.65,8.2,8.4,0.4499998,5.4878025,124.0,209.0,0.21234918518066404,False,REGULAR,USD,2025-08-15
XOM250815P00125000,2024-11-07 19:36:52+00:00,125.0,10.8,10.25,11.0,0.0,0.0,2.0,89.0,0.20752745605468748,True,REGULAR,USD,2025-08-15
XOM250815P00130000,2024-10-07 18:33:47+00:00,130.0,12.5,13.6,14.0,0.0,0.0,3.0,39.0,0.20197331237792968,True,REGULAR,USD,2025-08-15
XOM250815P00135000,2024-11-08 20:01:24+00:00,135.0,17.25,17.1,17.35,-0.45000076,-2.542377,2.0,22.0,0.19464916687011719,True,REGULAR,USD,2025-08-15
XOM250815P00140000,2024-10-11 19:50:01+00:00,140.0,19.55,20.0,21.2,0.0,0.0,2.0,31.0,0.19062088684082032,True,REGULAR,USD,2025-08-15
XOM250815P00145000,2024-10-07 18:47:03+00:00,145.0,22.5,24.3,25.5,0.0,0.0,8.0,19.0,0.19178054321289065,True,REGULAR,USD,2025-08-15
XOM250815P00155000,2024-10-08 14:25:52+00:00,155.0,33.15,0.0,0.0,0.0,0.0,,10.0,1.0000000000000003e-05,True,REGULAR,USD,2025-08-15
XOM250919P00065000,2024-11-01 19:07:00+00:00,65.0,0.26,0.05,0.43,0.0,0.0,1.0,5.0,0.3711000390625,False,REGULAR,USD,2025-09-19
XOM250919P00070000,2024-10-28 13:31:19+00:00,70.0,0.35,0.08,0.59,0.0,0.0,26.0,27.0,0.3530338134765625,False,REGULAR,USD,2025-09-19
XOM250919P00080000,2024-09-27 18:35:12+00:00,80.0,1.06,0.68,1.66,0.0,0.0,13.0,15.0,0.3580386462402344,False,REGULAR,USD,2025-09-19
XOM250919P00085000,2024-11-01 14:24:31+00:00,85.0,1.36,0.81,0.92,0.0,0.0,2.0,46.0,0.27075924560546877,False,REGULAR,USD,2025-09-19
XOM250919P00090000,2024-11-04 17:42:25+00:00,90.0,1.72,1.21,1.4,0.0,0.0,11.0,332.0,0.26367923828125,False,REGULAR,USD,2025-09-19
XOM250919P00095000,2024-11-05 20:50:44+00:00,95.0,2.38,1.68,2.03,0.0,0.0,8.0,814.0,0.2555616436767578,False,REGULAR,USD,2025-09-19
XOM250919P00100000,2024-11-07 17:38:55+00:00,100.0,2.73,2.5,2.89,0.0,0.0,15.0,1413.0,0.24829853271484376,False,REGULAR,USD,2025-09-19
XOM250919P00105000,2024-11-08 15:49:27+00:00,105.0,3.8,3.45,3.9,0.20000005,5.555557,9.0,659.0,0.23804472900390622,False,REGULAR,USD,2025-09-19
XOM250919P00110000,2024-11-07 19:37:00+00:00,110.0,5.3,4.8,5.15,0.3000002,6.000004,13.0,241.0,0.22705851074218747,False,REGULAR,USD,2025-09-19
XOM250919P00115000,2024-11-08 19:56:19+00:00,115.0,6.5,6.45,7.15,-1.6899996,-20.634916,22.0,328.0,0.2266312689208984,False,REGULAR,USD,2025-09-19
XOM250919P00120000,2024-11-08 14:45:37+00:00,120.0,9.2,8.5,9.1,0.3899994,4.4267807,6.0,456.0,0.2160112579345703,False,REGULAR,USD,2025-09-19
XOM250919P00125000,2024-10-30 16:29:04+00:00,125.0,13.7,11.05,11.35,0.0,0.0,136.0,186.0,0.2035296932983398,True,REGULAR,USD,2025-09-19
XOM250919P00130000,2024-10-15 17:08:24+00:00,130.0,14.55,13.4,14.35,0.0,0.0,3.0,31.0,0.1986164123535156,True,REGULAR,USD,2025-09-19
XOM250919P00135000,2024-10-31 14:17:31+00:00,135.0,19.8,17.35,18.25,0.0,0.0,75.0,64.0,0.20636779968261715,True,REGULAR,USD,2025-09-19
XOM250919P00140000,2024-10-31 17:25:34+00:00,140.0,24.8,20.8,21.5,0.0,0.0,1.0,3.0,0.1886677813720703,True,REGULAR,USD,2025-09-19
XOM250919P00145000,2024-10-30 16:27:11+00:00,145.0,29.1,24.85,25.6,0.0,0.0,1.0,2.0,0.1844563977050781,True,REGULAR,USD,2025-09-19
XOM250919P00150000,2024-10-08 14:43:14+00:00,150.0,29.05,0.0,0.0,0.0,0.0,2.0,4.0,1.0000000000000003e-05,True,REGULAR,USD,2025-09-19
XOM250919P00155000,2024-10-03 19:00:00+00:00,155.0,33.75,38.55,43.0,0.0,0.0,,2.0,0.43530838134765626,True,REGULAR,USD,2025-09-19
XOM250919P00185000,2024-11-01 17:36:59+00:00,185.0,69.8,63.05,66.1,0.0,0.0,1.0,1.0,0.3512638116455078,True,REGULAR,USD,2025-09-19
XOM251219P00050000,2024-09-19 17:41:01+00:00,50.0,0.14,0.0,0.26,0.0,0.0,1.0,47.0,0.41260353027343744,False,REGULAR,USD,2025-12-19
XOM251219P00055000,2024-11-06 18:43:15+00:00,55.0,0.15,0.04,0.36,0.0,0.0,2.0,1477.0,0.3920959228515625,False,REGULAR,USD,2025-12-19
XOM251219P00060000,2024-10-17 15:02:24+00:00,60.0,0.26,0.06,0.48,0.0,0.0,3.0,92.0,0.37134417724609375,False,REGULAR,USD,2025-12-19
XOM251219P00065000,2024-11-08 18:24:25+00:00,65.0,0.3,0.14,0.83,-0.26,-46.42857,1.0,272.0,0.372076591796875,False,REGULAR,USD,2025-12-19
XOM251219P00070000,2024-11-05 18:47:30+00:00,70.0,0.66,0.17,0.87,0.0,0.0,1.0,1853.0,0.33740896972656254,False,REGULAR,USD,2025-12-19
XOM251219P00075000,2024-11-08 16:34:32+00:00,75.0,0.7,0.6,0.95,-0.100000024,-12.500002,2.0,2006.0,0.30762411132812495,False,REGULAR,USD,2025-12-19
XOM251219P00080000,2024-11-06 15:34:58+00:00,80.0,1.0,0.85,0.99,0.0,0.0,10.0,490.0,0.2758861474609374,False,REGULAR,USD,2025-12-19
XOM251219P00085000,2024-10-29 15:08:25+00:00,85.0,1.66,1.28,1.4,0.0,0.0,1.0,363.0,0.2659985510253906,False,REGULAR,USD,2025-12-19
XOM251219P00090000,2024-10-29 16:01:07+00:00,90.0,2.35,1.77,2.31,0.0,0.0,1.0,1169.0,0.2714306256103516,False,REGULAR,USD,2025-12-19
XOM251219P00095000,2024-11-06 20:34:35+00:00,95.0,2.61,2.44,2.67,0.0,0.0,2.0,2583.0,0.24811542907714845,False,REGULAR,USD,2025-12-19
XOM251219P00100000,2024-11-08 14:48:12+00:00,100.0,3.65,3.35,3.55,-0.5999999,-14.117645,2.0,2426.0,0.23847197082519528,False,REGULAR,USD,2025-12-19
XOM251219P00105000,2024-11-08 14:45:49+00:00,105.0,4.9,4.45,4.7,0.3000002,6.5217433,1.0,626.0,0.23023230712890624,False,REGULAR,USD,2025-12-19
XOM251219P00110000,2024-11-08 18:36:28+00:00,110.0,6.1,5.9,6.15,-0.25,-3.937008,79.0,744.0,0.22284712707519527,False,REGULAR,USD,2025-12-19
XOM251219P00115000,2024-11-08 14:45:03+00:00,115.0,7.7,7.65,7.9,-0.05000019,-0.6451638,3.0,560.0,0.2153398779296875,False,REGULAR,USD,2025-12-19
XOM251219P00120000,2024-11-08 20:46:34+00:00,120.0,10.0,9.7,10.0,-2.0,-16.666666,11.0,1429.0,0.20819883605957026,False,REGULAR,USD,2025-12-19
XOM251219P00125000,2024-11-08 20:46:34+00:00,125.0,12.25,11.65,12.5,-0.39999962,-3.1620524,4.0,1926.0,0.20194279510498048,True,REGULAR,USD,2025-12-19
XOM251219P00130000,2024-11-07 20:18:43+00:00,130.0,15.1,14.65,15.4,0.0,0.0,21.0,240.0,0.19635813415527342,True,REGULAR,USD,2025-12-19
XOM251219P00135000,2024-10-11 19:50:12+00:00,135.0,17.4,18.1,18.75,0.0,0.0,300.0,632.0,0.19275709594726562,True,REGULAR,USD,2025-12-19
XOM251219P00140000,2024-10-07 14:55:40+00:00,140.0,19.95,21.8,22.2,0.0,0.0,1.0,70.0,0.18375450042724606,True,REGULAR,USD,2025-12-19
XOM251219P00145000,2024-10-07 18:30:12+00:00,145.0,23.6,25.4,27.15,0.0,0.0,2.0,2.0,0.20563538513183593,True,REGULAR,USD,2025-12-19
XOM251219P00150000,2024-10-15 18:42:04+00:00,150.0,30.5,30.1,30.45,0.0,0.0,30.0,100.0,0.1769491485595703,True,REGULAR,USD,2025-12-19
XOM251219P00155000,2024-10-18 17:02:10+00:00,155.0,36.1,32.7,36.25,0.0,0.0,3.0,3.0,0.22101609069824218,True,REGULAR,USD,2025-12-19
XOM251219P00160000,2023-10-06 14:11:27+00:00,160.0,54.65,50.95,55.15,0.0,0.0,5.0,0.0,0.5100757000732423,True,REGULAR,USD,2025-12-19
XOM251219P00165000,2023-04-03 19:17:49+00:00,165.0,50.1,56.7,60.05,0.0,0.0,2.0,1.0,0.5378769357299805,True,REGULAR,USD,2025-12-19
XOM251219P00170000,2023-10-06 14:13:41+00:00,170.0,64.3,60.5,65.4,0.0,0.0,9.0,0.0,0.5493209130859377,True,REGULAR,USD,2025-12-19
XOM251219P00175000,2023-06-13 16:42:34+00:00,175.0,67.85,68.05,72.9,0.0,0.0,1.0,0.0,0.6197547790527345,True,REGULAR,USD,2025-12-19
XOM260116P00050000,2024-10-31 15:59:08+00:00,50.0,0.33,0.04,0.54,0.0,0.0,10.0,37.0,0.45117736328125,False,REGULAR,USD,2026-01-16
XOM260116P00055000,2024-10-09 17:37:02+00:00,55.0,0.2,0.1,0.45,0.0,0.0,50.0,1834.0,0.3940490283203125,False,REGULAR,USD,2026-01-16
XOM260116P00060000,2024-11-08 18:46:07+00:00,60.0,0.3,0.01,0.54,0.04000002,15.384624,50.0,464.0,0.36694968994140625,False,REGULAR,USD,2026-01-16
XOM260116P00065000,2024-10-09 13:35:02+00:00,65.0,0.4,0.0,0.0,0.0,0.0,4.0,134.0,0.12500875,False,REGULAR,USD,2026-01-16
XOM260116P00070000,2024-11-07 17:11:04+00:00,70.0,0.6,0.55,0.93,0.0,0.0,12.0,310.0,0.33130551513671874,False,REGULAR,USD,2026-01-16
XOM260116P00075000,2024-11-06 20:55:44+00:00,75.0,0.95,0.75,0.95,0.0,0.0,2.0,554.0,0.29761444580078117,False,REGULAR,USD,2026-01-16
XOM260116P00080000,2024-11-08 19:50:47+00:00,80.0,1.05,1.0,1.18,-0.05000007,-4.545461,4.0,1935.0,0.2786937365722656,False,REGULAR,USD,2026-01-16
XOM260116P00085000,2024-11-08 15:42:22+00:00,85.0,1.55,1.37,1.78,0.0,0.0,15.0,841.0,0.2755199401855468,False,REGULAR,USD,2026-01-16
XOM260116P00090000,2024-11-07 17:11:04+00:00,90.0,2.14,1.68,2.34,0.0,0.0,13.0,1915.0,0.26367923828125,False,REGULAR,USD,2026-01-16
XOM260116P00095000,2024-11-07 16:54:40+00:00,95.0,2.99,2.33,2.88,0.0,0.0,1.0,2571.0,0.2468947381591797,False,REGULAR,USD,2026-01-16
XOM260116P00100000,2024-11-07 17:03:09+00:00,100.0,3.95,3.6,3.8,0.0,0.0,22.0,5613.0,0.2376480044555664,False,REGULAR,USD,2026-01-16
XOM260116P00105000,2024-11-04 20:58:34+00:00,105.0,5.8,4.7,5.5,0.0,0.0,1.0,2282.0,0.24195093994140626,False,REGULAR,USD,2026-01-16
XOM260116P00110000,2024-11-08 16:09:49+00:00,110.0,6.5,6.15,6.4,0.17999983,2.8480985,10.0,2599.0,0.22098557342529296,False,REGULAR,USD,2026-01-16
XOM260116P00115000,2024-11-08 19:38:07+00:00,115.0,7.99,7.45,8.15,-0.6100006,-7.09303,4.0,1507.0,0.21332573791503906,False,REGULAR,USD,2026-01-16
XOM260116P00120000,2024-11-08 14:43:01+00:00,120.0,10.65,10.05,10.6,0.29999924,2.8985434,30.0,2644.0,0.21289849609375,False,REGULAR,USD,2026-01-16
XOM260116P00125000,2024-10-31 14:43:48+00:00,125.0,14.8,12.15,12.75,0.0,0.0,1.0,961.0,0.2000812414550781,True,REGULAR,USD,2026-01-16
XOM260116P00130000,2024-10-07 16:11:51+00:00,130.0,14.21,14.4,15.65,0.0,0.0,538.0,554.0,0.1948322705078125,True,REGULAR,USD,2026-01-16
XOM260116P00135000,2024-11-08 16:44:11+00:00,135.0,19.15,18.5,18.85,2.1499996,12.647057,2.0,2.0,0.18854571228027345,True,REGULAR,USD,2026-01-16
XOM260116P00140000,2024-11-05 18:53:39+00:00,140.0,24.65,21.95,22.45,0.0,0.0,8.0,255.0,0.18357139678955076,True,REGULAR,USD,2026-01-16
XOM260116P00145000,2024-10-04 17:09:34+00:00,145.0,24.15,28.1,29.6,0.0,0.0,2.0,5.0,0.2548292291259766,True,REGULAR,USD,2026-01-16
XOM260116P00150000,2024-10-07 15:13:40+00:00,150.0,27.3,29.6,30.25,0.0,0.0,1.0,63.0,0.16443706665039062,True,REGULAR,USD,2026-01-16
XOM260116P00155000,2024-10-03 19:01:13+00:00,155.0,34.35,38.6,42.7,0.0,0.0,2.0,2.0,0.3649050326538086,True,REGULAR,USD,2026-01-16
XOM260116P00160000,2024-10-07 14:49:00+00:00,160.0,35.5,39.0,40.15,0.0,0.0,3.0,4.0,0.19330640686035155,True,REGULAR,USD,2026-01-16
PXD260116P00165000,2024-05-02 18:33:01+00:00,165.0,4.2,0.0,0.0,0.0,0.0,1.0,1.0,1.0000000000000003e-05,True,REGULAR,USD,2026-01-16
XOM260116P00170000,2024-10-04 19:22:17+00:00,170.0,46.0,50.65,53.25,0.0,0.0,2.0,5.0,0.3201361932373046,True,REGULAR,USD,2026-01-16
XOM260116P00175000,2024-10-30 19:55:53+00:00,175.0,58.0,52.65,56.0,0.0,0.0,1.0,1.0,0.26892820922851557,True,REGULAR,USD,2026-01-16
XOM260116P00180000,2024-09-30 15:01:08+00:00,180.0,63.16,62.3,63.3,0.0,0.0,2.0,0.0,0.35278967529296873,True,REGULAR,USD,2026-01-16
PXD260116P00200000,2024-04-24 14:05:34+00:00,200.0,7.0,0.0,0.0,0.0,0.0,1.0,113.0,1.0000000000000003e-05,True,REGULAR,USD,2026-01-16
PXD260116P00230000,2024-04-12 16:54:02+00:00,230.0,13.5,0.0,0.0,0.0,0.0,1.0,304.0,1.0000000000000003e-05,True,REGULAR,USD,2026-01-16
PXD260116P00235000,2024-04-11 18:01:47+00:00,235.0,14.76,0.0,0.0,0.0,0.0,2.0,2.0,1.0000000000000003e-05,True,REGULAR,USD,2026-01-16
PXD260116P00240000,2024-04-29 15:33:07+00:00,240.0,16.1,0.0,0.0,0.0,0.0,100.0,312.0,1.0000000000000003e-05,True,REGULAR,USD,2026-01-16
PXD260116P00285000,2024-04-11 18:42:11+00:00,285.0,34.78,0.0,0.0,0.0,0.0,2.0,8.0,1.0000000000000003e-05,True,REGULAR,USD,2026-01-16
PXD260116P00340000,2024-04-12 13:52:03+00:00,340.0,68.0,0.0,0.0,0.0,0.0,1.0,4.0,1.0000000000000003e-05,True,REGULAR,USD,2026-01-16
XOM261218P00050000,2024-10-25 17:42:44+00:00,50.0,0.51,0.35,0.68,0.0,0.0,1.0,247.0,0.3540103662109374,False,REGULAR,USD,2026-12-18
XOM261218P00055000,2024-11-01 13:33:14+00:00,55.0,0.69,0.24,0.89,0.0,0.0,3.0,333.0,0.3375310388183594,False,REGULAR,USD,2026-12-18
XOM261218P00060000,2024-11-07 19:09:18+00:00,60.0,0.96,0.35,1.38,0.0,0.0,10.0,526.0,0.3365544860839844,False,REGULAR,USD,2026-12-18
XOM261218P00065000,2024-11-08 16:26:46+00:00,65.0,0.95,0.75,1.3,-0.32,-25.19685,1.0,11.0,0.29932341308593746,False,REGULAR,USD,2026-12-18
XOM261218P00070000,2024-10-01 17:00:36+00:00,70.0,1.7,0.85,1.97,0.0,0.0,2.0,187.0,0.3001778967285156,False,REGULAR,USD,2026-12-18
XOM261218P00075000,2024-10-07 17:36:31+00:00,75.0,1.72,1.68,1.89,0.0,0.0,2.0,143.0,0.2664868273925781,False,REGULAR,USD,2026-12-18
XOM261218P00080000,2024-10-29 19:22:35+00:00,80.0,2.38,2.2,2.63,-0.53999996,-18.493149,1.0,73.0,0.2631299273681641,False,REGULAR,USD,2026-12-18
XOM261218P00085000,2024-11-04 15:04:38+00:00,85.0,3.46,2.89,3.2,0.0,0.0,2.0,169.0,0.2503737072753906,False,REGULAR,USD,2026-12-18
XOM261218P00090000,2024-11-04 18:44:47+00:00,90.0,4.54,3.7,4.3,0.0,0.0,10.0,188.0,0.24820698089599608,False,REGULAR,USD,2026-12-18
XOM261218P00095000,2024-10-28 16:26:02+00:00,95.0,5.75,4.25,5.25,0.0,0.0,1.0,83.0,0.23834990173339843,False,REGULAR,USD,2026-12-18
XOM261218P00100000,2024-11-07 17:42:25+00:00,100.0,6.25,5.9,6.3,0.0,0.0,1.0,299.0,0.22760782165527343,False,REGULAR,USD,2026-12-18
XOM261218P00105000,2024-10-16 18:22:25+00:00,105.0,7.97,7.4,7.75,0.0,0.0,22.0,1039.0,0.2210466079711914,False,REGULAR,USD,2026-12-18
XOM261218P00110000,2024-10-23 17:56:55+00:00,110.0,9.87,8.95,9.7,0.0,0.0,1.0,52.0,0.2189714334106445,False,REGULAR,USD,2026-12-18
XOM261218P00115000,2024-10-30 14:43:32+00:00,115.0,12.75,10.85,11.5,0.0,0.0,8.0,1097.0,0.21067073516845702,False,REGULAR,USD,2026-12-18
XOM261218P00120000,2024-11-04 20:30:50+00:00,120.0,14.65,12.9,13.65,0.0,0.0,1.0,1194.0,0.20407900421142577,False,REGULAR,USD,2026-12-18
XOM261218P00125000,2024-10-31 18:20:42+00:00,125.0,18.2,14.55,16.25,0.0,0.0,9.0,6044.0,0.2002643450927734,True,REGULAR,USD,2026-12-18
XOM261218P00130000,2024-11-07 19:41:28+00:00,130.0,18.24,17.65,19.0,0.0,0.0,2.0,45.0,0.1948322705078125,True,REGULAR,USD,2026-12-18
XOM261218P00135000,2024-07-01 13:45:08+00:00,135.0,21.7,0.0,0.0,0.0,0.0,,1.0,1.0000000000000003e-05,True,REGULAR,USD,2026-12-18
XOM261218P00140000,2024-11-04 17:21:34+00:00,140.0,26.85,23.9,25.25,0.0,0.0,1.0,6.0,0.1834493276977539,True,REGULAR,USD,2026-12-18
XOM261218P00145000,2024-09-19 14:38:57+00:00,145.0,31.61,28.15,29.25,0.0,0.0,1.0,38.0,0.18586019226074219,True,REGULAR,USD,2026-12-18
XOM261218P00150000,2024-10-04 19:42:09+00:00,150.0,30.3,33.15,36.5,0.0,0.0,45.0,108.0,0.23905179901123047,True,REGULAR,USD,2026-12-18
XOM261218P00155000,2024-10-15 18:42:57+00:00,155.0,36.24,35.2,36.15,0.0,0.0,2.0,45.0,0.15863878479003907,True,REGULAR,USD,2026-12-18
XOM261218P00160000,2024-08-26 19:33:23+00:00,160.0,41.7,45.25,46.45,0.0,0.0,1.0,1.0,0.26987424468994137,True,REGULAR,USD,2026-12-18
XOM270115P00065000,2024-11-01 14:22:39+00:00,65.0,1.31,0.91,5.0,0.0,0.0,4.0,36.0,0.4382380395507813,False,REGULAR,USD,2027-01-15
XOM270115P00070000,2024-11-06 19:53:58+00:00,70.0,1.5,1.26,1.71,0.0,0.0,11.0,22.0,0.28375960388183585,False,REGULAR,USD,2027-01-15
XOM270115P00075000,2024-09-26 18:16:39+00:00,75.0,2.8,1.87,3.1,0.0,0.0,2.0,7.0,0.3042061767578125,False,REGULAR,USD,2027-01-15
XOM270115P00080000,2024-11-07 17:06:34+00:00,80.0,2.6,2.23,2.68,0.0,0.0,10.0,26.0,0.2600782000732422,False,REGULAR,USD,2027-01-15
XOM270115P00085000,2024-11-07 16:33:01+00:00,85.0,3.25,2.97,3.35,0.0,0.0,4.0,20.0,0.2500075,False,REGULAR,USD,2027-01-15
XOM270115P00090000,2024-10-04 17:07:20+00:00,90.0,4.3,2.7,5.0,0.0,0.0,10.0,10.0,0.2597119927978516,False,REGULAR,USD,2027-01-15
XOM270115P00095000,2024-10-17 18:09:16+00:00,95.0,5.7,4.9,5.3,0.0,0.0,2.0,7.0,0.23517610534667968,False,REGULAR,USD,2027-01-15
XOM270115P00100000,2024-11-04 14:32:28+00:00,100.0,7.6,6.2,6.5,0.0,0.0,1.0,80.0,0.227272131652832,False,REGULAR,USD,2027-01-15
XOM270115P00105000,2024-11-08 15:30:50+00:00,105.0,8.11,7.6,8.65,0.07999992,0.9962631,2.0,95.0,0.23218541259765624,False,REGULAR,USD,2027-01-15
XOM270115P00110000,2024-11-08 17:17:59+00:00,110.0,9.67,9.25,9.6,-0.52999973,-5.196076,1.0,19.0,0.2135393588256836,False,REGULAR,USD,2027-01-15
XOM270115P00115000,2024-11-04 20:30:38+00:00,115.0,12.65,10.65,12.15,0.0,0.0,2.0,27.0,0.216530051574707,False,REGULAR,USD,2027-01-15
XOM270115P00120000,2024-10-30 17:39:37+00:00,120.0,15.37,13.25,13.7,0.0,0.0,22.0,46.0,0.20117986328124998,False,REGULAR,USD,2027-01-15
XOM270115P00125000,2024-11-08 20:12:38+00:00,125.0,16.05,15.65,17.3,-1.8500004,-10.335197,30.0,31.0,0.21143366699218746,True,REGULAR,USD,2027-01-15
XOM270115P00130000,2024-11-01 19:55:55+00:00,130.0,22.55,17.95,20.4,0.0,0.0,5.0,17.0,0.21106745971679686,True,REGULAR,USD,2027-01-15
XOM270115P00150000,2024-10-03 14:39:06+00:00,150.0,31.9,34.5,38.05,0.0,0.0,5.0,5.0,0.258369232788086,True,REGULAR,USD,2027-01-15
XOM270115P00155000,2024-09-18 18:01:27+00:00,155.0,40.45,35.95,37.75,0.0,0.0,,1.0,0.1878743322753906,True,REGULAR,USD,2027-01-15
XOM270115P00160000,2024-10-03 14:13:13+00:00,160.0,39.53,43.5,48.5,0.0,0.0,,1.0,0.29703461761474603,True,REGULAR,USD,2027-01-15
XOM270115P00165000,2024-10-03 14:48:40+00:00,165.0,43.36,48.5,53.5,0.0,0.0,,1.0,0.3116218740844726,True,REGULAR,USD,2027-01-15
XOM270115P00185000,2024-10-23 14:38:03+00:00,185.0,65.47,62.8,66.05,0.0,0.0,,0.0,0.220161607055664,True,REGULAR,USD,2027-01-15
